id,name
0,NEXT Studios
1,Team17
2,Vertigo Gaming Inc.
3,IndieLeague Studio
4,2P Games
5,Villain Role
6,Kubold
7,KillPixel
8,3D Realms
9,Fishing Planet LLC
10,Big Blue Bubble
11,Resolution Games
12,1C Game Studios
13,Three Dots
14,Strange Journey
15,#workshop
16,NVLMaker
17,Paintbucket Games
18,HandyGames
19,Mad About Pandas
20,Versus Evil
21,Two Point Studios
22,SEGA
23,Dani Marti
24,Dume Arts
25,Flow Fire Games
26,Pendulo Studios
27,Microids
28,SnowBaby Games
29,A Shell In The Pit
30,Texel Raptor
31,The Knights of Unity
32,All in! Games
33,KT Racing
34,Nacon
35,mino_dev LLC
36,Codemasters
37,Eko Software
38,AQUASTYLE
39,GameHouse
40,"Jackbox Games, Inc."
41,Catze
42,Yiming
43,Roman Makhmutov
44,Mediator Software
45,SANDLOT
46,D3 PUBLISHER
47,Gallivanting Rhino Studio
48,Sigma Team Inc.
49,Wet Girl
50,Shoot Girl
51,Temple Gates Games
52,Treyarch
53,Activision
54,"AQURIA Co., Ltd."
55,BANDAI NAMCO Entertainment
56,ASa Project
57,NekoNyan Ltd.
58,Lump of Sugar
59,Ancient Forge Studio
60,Frozen District
61,Behaviour Interactive Inc.
62,Dovetail Games
63,Dovetail Games - TSW
64,DIMPS
65,Steamberry Studio
66,TOKYOTOON
67,Nightdive Studios
68,Turning Wheel LLC
69,Kaigan Games
70,Neon Doctrine
71,Michael Long
72,Foolish Mortals Games
73,We're Five Games
74,tinyBuild
75,KAGAMI WORKs
76,Paradise Project
77,ONEONE1
78,Kagura Games
79,light
80,"views Co., Ltd"
81,Clymenia
82,Rivet Games
83,Dovetail Games - Trains
84,"Stovetop, LLC"
85,Devs on a Boat
86,CM Games
87,Rock Pocket Games
88,Funcom
89,Robot Gentleman
90,Saber Interactive
91,Ghost Town Games Ltd.
92,Team17 Digital Ltd
93,Somi
94,Acerola
95,Tim van Kan
96,TiMer Games
97,LAN - GAMES LTD
98,Radical Entertainment
99,Crackshell
100,CreSpirit
101,SCS Software
102,Marcel Eissens
103,The I Love Company BV
104,Visual Concepts
105,2K
106,Skyline Games
107,shinachiku-castella
108,U-ROOM
109,Asakiyumemishi
110,Giants Software
111,Focus Home Interactive
112,Orbital Express
113,PLAYISM
114,Triple Topping
115,Paradox Development Studio
116,Paradox Interactive
117,HB Studios Multimedia Ltd.
118,GlassesCatGames
119,Critique Gaming
120,Mixtvision
121,Upstream Arcade
122,Raw Fury
123,The Farm 51
124,Square Enix
125,Indoor Astronaut
126,Daedalic Entertainment
127,Artisan Studios
128,Idea Factory International
129,Glowstick Entertainment
130,Genesz
131,N3V Games
132,Forgotten Empires
133,Xbox Game Studios
134,Infinity Ward
135,Konami Digital Entertainment
136,Gibier Games
137,Element Studios
138,Day Lane
139,LimboLane
140,Theta Division
141,Blood Music
142,Echo Chamber Games
143,Curve Games
144,GameBoom VR
145,PlayWay S.A.
146,Neetpia
147,Phoenixx Inc.
148,Cotton Candy Cyanide
149,LuGus Studios
150,Brave Giant LTD
151,Artifex Mundi
152,Shiro Games
153,Shiro Unlimited
154,Qd
155,Empyrean
156,BigYu
157,BD Games
158,Bohemia Interactive
159,Trashmasters
160,Akella
161,Steel Sky Productions
162,Eugen Systems
163,Chute Apps
164,KOGADO STUDIO
165,Degica
166,Bit Golem
167,Ultimate Games S.A.
168,Systemic Reaction‚Ñ¢
169,KreizLand Games
170,Palindrome Interactive
171,Kalypso Media
172,Gaming Minds
173,Reflected Simulations
174,Eagle Dynamics SA
175,RAZBAM
176,Magnitude 3 LLC
177,Compulsion Games
178,Gearbox Publishing
179,White Powder
180,"Love Lab, Inc."
181,KazukiShiroma
182,Ovid Works
183,Ed Del Castillo
184,Robot Entertainment
185,Vikintor
186,Vikintor Interactive
187,Pixelated Milk
188,TML-Studios
189,Vladimir Romanyuk
190,Kalypso Media Digital
191,HFM Games
192,7th Beat Games
193,indienova
194,Expansive Worlds
195,Klei Entertainment
196,Frontier Developments
197,Big Ant Studios
198,Eclipse Games
199,NeocoreGames
200,Batterystaple Games
201,Eversim
202,Foxy Voxel
203,The Irregular Corporation
204,Threaks
205,Bloober Team SA
206,Gun Media
207,MadLight
208,Leonardo Interactive
209,Echtra Inc.
210,Perfect World Entertainment
211,Tin Man Games
212,Hangar 13
213,MyDearest Inc.
214,Sekai Project
215,‰∏úÊñπÂπïÂçéÁ•≠Âà∂‰ΩúÁªÑ
216,Tindalos Interactive
217,Electrovore
218,One Gruel Studio
219,Smilegate Entertainment
220,Infinite Dreams
221,Fatshark
222,PALETTE
223,WhitePeach
224,EarthWork Games
225,Warhorse Studios
226,Obscure Tales
227,Studio Clangore
228,Cranio Creations
229,Spiders
230,Mi'pu'mi Games GmbH
231,Starcolt
232,Alliance
233,GAME ARTS
234,"GungHo Online Entertainment America, Inc."
235,"INTI CREATES CO., LTD."
236,Terror Dog Studio
237,Chasing Rats Games
238,Frontier Foundry
239,JFI GAMES
240,"24Frame,inc."
241,Flying Oak Games
242,Dear Villagers
243,Simpleton
244,GrabTheGames
245,Blyts
246,Whatboy Games
247,RocketWerkz
248,"HeR Interactive, Inc."
249,MoeNovel
250,AsicxArt
251,SakuraGame
252,"KADOKAWA GAMES, LTD."
253,Deep Type Games
254,YUKE'S
255,Coldwild Games
256,Maschinen-Mensch
257,Thunderful Publishing
258,Afterburner Studios
259,Freedom Games
260,√âlo√Øse Laroche
261,Fair Games Studio
262,ArtPlay
263,505 Games
264,KAIKO
265,THQ Nordic
266,Red Fox
267,DREAMFEEL
268,Annapurna Interactive
269,Vertexmacht
270,Haemimont Games
271,Broken Arms Games
272,Sgt Joe (and friends)
273,Tripwire Interactive
274,Out of the Blue
275,"h.a.n.d., Inc."
276,BANDAI NAMCO Entertainment Inc.
277,Grayfax Software
278,Twirlbound
279,Kongregate
280,"KOEI TECMO GAMES CO., LTD."
281,‰∏äÊµ∑„Ç¢„É™„ÇπÂπªÊ®ÇÂõ£
282,"Mediascape Co., Ltd."
283,Entertainment Forge
284,Lost in Days Studio
285,Pixel Forest Games
286,MojoTouch
287,Zen Studios
288,sprite
289,Foggy Box Games
290,The Yogscast
291,Game-Labs
292,Redlock Studio
293,Devespresso Games
294,Headup
295,Geoff Keighley
296,GrizzlyGames
297,Fabled Game
298,LABS Works
299,DANGEN Entertainment
300,Acram Digital
301,Notovia
302,Radi Art
303,Top Hat Studios Inc
304,Harebrained Schemes
305,Idea Factory
306,Rokabium Games
307,Redaster Studio
308,Hermit Games
309,Cybernetic Walrus
310,Tate Multimedia
311,SkyBox Labs
312,Chainsawesome Games
313,Nekoday
314,Coconut Island Games
315,Zenimax Online Studios
316,Bethesda Softworks
317,Amanita Design
318,Bulwark Studios
319,Kasedo Games
320,WayForward
321,WayForward 
322,Pillow Castle
323,Team Fusion Simulations
324,1C Entertainment
325,Studio Fizbin
326,Keen Software House
327,Pupuya Games
328,Orange_Juice
329,Fruitbat Factory
330,"Squanch Games, Inc."
331,"Beijing Litchi Culture Media Co., Ltd."
332,Gamera Game
333,NetherRealm Studios
334,Blazing Bit Games
335,Jollypunch Games
336,Draknek & Friends
337,Draknek
338,Nick Kestle
339,Mouse Hat Games
340,SplitSide Games
341,Monster Couch
342,Ensemble Studios
343,Bob
344,Ginormocorp Holdings Ltd
345,makaroll
346,Studio Maka
347,Blackfox Studios
348,No Pest Productions
349,Jens Kolhammar
350,SimTech Vision
351,Whiskeybarrel Studios
352,eGames.com
353,adamgryu
354,yeswecamp
355,PeroPeroGames
356,X.D. Network Inc.
357,Goloso Games
358,Hitcents
359,Re-Logic
360,Decemberborn Interactive
361,kagaya
362,"DWANGO Co., Ltd."
363,Primula
364,pencil
365,"YGGDRAZIL GROUP PUBLIC CO.,LTD"
366,Shift Now
367,Asgar Knights
368,Machine Games
369,Moon Studios GmbH
370,Zeboyd Digital Entertainment LLC
371,Crimson Tales
372,AB Studio
373,ÁôΩÈú≤Á§æ
374,PeriScope Game
375,ONE-O-ONE GAMES
376,Cody Penn
377,Pandemic Studios
378,Lucasfilm
379,AVANTGARDE
380,Spiderweb Software
381,BYKING
382,Redstone Interactive
383,Offworld Industries
384,Gamexel Studio
385,INDIECN
386,Super Spin Digital
387,anotherworld GmbH
388,Michael Warren
389,Kylotonn Entertainment
390,ATLUS USA
391,Size Five Games
392,Nexile
393,BRUTE FORCE
394,Baltic Dragon
395,DarkStone Digital
396,Ominux Games
397,Chucklefish
398,"Idea Factory, Compile Heart"
399,Mechanistry
400,Studio Pixel Punk
401,Humble Games
402,Picogram
403,Rose City Games
404,Dry Cactus
405,Acquire Corp.
406,"Spike Chunsoft Co., Ltd. "
407,Systemic Reaction
408,STUDIO TOKIWA
409,Green Army Men Team
410,Muse Games
411,Friend & Foe Games
412,CCP
413,GhostShark
414,Iceberg Interactive
415,Amazon Games
416,Woodland Games
417,343 Industries
418,Xbox Games Studios
419,Puppet Combo
420,Morphcat Games
421,Morphcat Games UG
422,Dreaming Door Studios
423,illuCalab
424,Colossal Order Ltd.
425,Ota Guchi Field
426,SpicyTails
427,iCanDesign LLC
428,Kevin Nitschmann
429,Aerosoft GmbH
430,Sumalab
431,IRODORI
432,HOBIBOX
433,Urban Games
434,Good Shepherd Entertainment
435,Reiza Studios
436,Polygon Treehouse
437,United Label
438,Claudiu Kiss
439,Overhype Studios
440,Ruminant‚Äôs Whimper
441,Henteko Doujin
442,Con Man Games
443,SmashGames
444,Rebellion
445,Redblack Spade
446, Redblack Spade
447,Jason Oda
448,Curtis English
449,Applique
450,HIKARI FIELD
451,Studio Koba
452,Leikir Studio
453,Seen Games
454,scriptwelder
455,Armor Games Studios
456,RewindApp
457,Popcannibal
458,Knife Edge Software
459,Horizon Hobby
460,Vethergen
461,Crytivo
462,Supergiant Games
463,Global Delight Technologies Pvt. Ltd.
464,Pieces Interactive
465,Lavaboots Studios
466,Flashback Games
467,Slitherine Ltd.
468,VICO Game Studio
469,Reverb Triple XP
470,Zan_HedonDev
471,Nacon			
472,Wargaming Group Limited
473,Punk Notion
474,Another Road
475,Woolly Walrus Games
476,
477,Andrew G. Schneider
478,Balancing Monkey Games
479,Haojoy Game
480,CREATIVE ASSEMBLY
481,Vertigo Games
482,Cadabra Games
483,Antimatter Games
484,Pathea Games
485,Outerloop Games
486,Dire Wolf
487,Asmodee Digital
488,Fireart Games
489,Maze Theory
490,Playstack
491,MonteBearo
492,Goblinz Publishing
493,Abrakam Entertainment SA
494,SNK CORPORATION
495,Charles Games
496,Suncrash
497,LTTDY
498,–ù–æ—Å–∫–æ–≤ –°–µ—Ä–≥–µ–π
499,Anthony Case
500,Caiysware
501,Nupuryu no sato
502,Shimobashira Workshop
503,Mousou Endemic
504,Sonoshee
505,Bad Yolk Games
506,Monomi Park
507,David Moralejo S√°nchez
508,Laumania ApS
509,Decumanus Games
510,"I-Novae Studios, LLC"
511,Cloudhead Games ltd.
512,Dreams Uncorporated
513,Modus Games
514,NEOWIZ
515,Die Gute Fabrik
516,Akupara Games
517,Trion Worlds
518,Rhinotales
519,Days of Wonder
520,GoodbyeWorld Games
521,Skybound Games
522,Survios
523,Moonsprout Games
524,Playmestudio
525,PICORINNE SOFT
526,Hitbear Studio
527,blueflower
528,Picaresque Studio
529,Fish Eagle
530,The Wild Gentlemen
531,Steppe Hare Studio
532,Artefacts Studio
533,Ezorisudo
534,The Indie Stone
535,stubbornsteve
536,Chongming Studio
537,Larian Studios
538,Remedy Entertainment
539,Soleil Ltd.
540,The Bearded Ladies
541,Beawesome Games
542,Crate Entertainment
543,The Digital Puzzle Company
544,GameFormatic S.A.
545,Ndemic Creations
546,Eidos-Montr√©al
547,Dovetail Games - Fishing
548,Ivanovich Games
549,Koei Tecmo
550,HR Innoways
551,Milestone S.r.l.
552,PuffballsUnited
553,Innersloth
554,Bungie
555,Unlimited Fly Games
556,Orbi Universo Team
557,Á¶ªÂøßÂÖàÁîü
558,ÊñπÂùóÊ∏∏Êàè(CubeGame)
559,CD PROJEKT RED
560,Unique Media
561,Xihe Animation
562,Horo Games
563,Neat Corporation
564,È¶ÜÂèî
565,Bloober Team NA
566,Star Gem Inc.
567,Gaijin Distribution KFT
568,Daniel Mullins Games
569,Devolver Digital
570,Lena Raine
571,Radical Dreamland
572,Moonlight Kids
573,Supra Games
574,ÊãæËã±Â∑•‰ΩúÂÆ§
575,IO Games
576,Light Arc Studio Ltd
577,Aldin Dynamics
578,Ê±âÂÆ∂ÊùæÈº†Han-Squirrel Studio
579,XD
580,NanaWind
581,"X PLUS Co., Ltd."
582,Direfang
583,R-Age
584,"SmiteWorks USA, LLC"
585,code:jp
586,Ë±Ü‰∏ÅÂÑøÁã¨Á´ãÊ∏∏ÊàèÂ∑•‰ΩúÂÆ§
587,Little Bean Games
588,Tiny Warrior Games
589,Draw Distance
590,Tactical Adventures
591,Protocol Games
592,üöÄ Raiser Games
593,Gotcha Gotcha Games
594,Fury Software
595,imaginarylab
596,Original Fire Games
597,Mediatonic
598,Luis Antonio
599,WolfEye Studios
600,KISS
601,S-court
602,Urban Giraffe Games Inc.
603,RVL Games
604,The Coalition
605,Odders Lab
606,Frontier Developments 
607,Travel by Train
608,D'Avekki Studios Ltd
609,Pill Bug Interactive
610,id Software
611,"Truant Pixel, LLC"
612,"YGGDRAZIL GROUP PUBLIC CO., LTD."
613,"Ningbo Inception Media Co., Ltd. "
614,Alessandro Guzzo
615,Numantian Games
616,Limbic Entertainment
617,Luminous
618,Yippee! Entertainment
619,Torus Games
620,Experience
621,Aksys Games
622,Chromatic Games
623,ACE Team
624,Superhero Games
625,Double W
626,Toffee Cafe
627,Destructive Creations
628,Mountains
629,Shiny Shoe
630,Mecha Studios
631,Bromio
632,Carbon Studio
633,Fibrum Limited
634,Slormite Studios
635,Dionic Software
636,Fireproof Games
637,Archpray Inc.
638,Rayark International Limited
639,Dekovir Entertainment
640,Ryu Ga Gotoku Studio
641,Onyx Lute
642,Ishtar Games
643,The Arcade Crew
644,UDX Interactive Inc.
645,Rezoner
646,Super Pixel Games
647,Game in a Bottle
648,Foulball Hangover
649,Sweet & Tea
650,Yak & Co
651,Red Koi Box
652,Deck13
653,Wales Interactive
654,Team Bondi
655,Rockstar Games
656,Cassel Games
657,Gaijin Entertainment
658,QLOC
659,Fallen Flag Studio
660,Osome Studio
661,Smart Tale Games
662,maitan69 (Mat√≠as Schmied)
663,Whitethorn Digital
664,"nWay, INC"
665,Cold Symmetry
666,"CarX Technologies, LLC"
667,Techland
668,Techland Publishing
669,DOG HOGGLER
670,Peachy Keen Games
671,ATLUS
672,Tense Games
673,Studio Wildcard
674,Snail Games USA
675,Sakana Studios
676,Kazakov Oleg
677,BANDAI NAMCO Studios Inc.
678,Windforce
679,Brave At Night
680,No More Robots
681,Happy Volcano
682,Playdigious
683,Douze Dixi√®mes
684,HongShou Studio
685,Pixmain
686,"CAPCOM Co., Ltd."
687,mestiez
688,Studio Minus
689,Gamious
690,Electronic Arts
691,Arclight Creations
692,Klabater
693,Unexpected
694,Toxic Dog
695,Excalibur Games
696,Sokpop Collective
697,Chashu Entertainment
698,We Create Stuff
699,Maple Flag
700,Suzaku
701,Wildfire GameÔºàÊó†Èî°ÈáéÁÅ´Êï∞Â≠óÁßëÊäÄÊúâÈôêÂÖ¨Âè∏Ôºâ
702,bilibili
703,"ROTU Entertainment & Media, Ltd."
704,Blueside
705,Digital Sun
706,11 bit studios
707,Panzar Studio
708,OVALIS INVESTMENTS LIMITED
709,Ëâ∫ÈæôÊ∏∏Êàè
710,WSS playground
711,atelier mimina
712,Rocwise Entertainment
713,Beethoven and Dinosaur
714,Variable State
715,Simogo
716,Clover Bite
717,Greg Lobanov
718,Finji
719,Cleversan Software
720,The N Main Shop
721,DLsite
722,Bitrich.info
723,TeaForTwo
724,AMPLITUDE Studios
725,Matrioshka Games
726,V Publishing
727,Isto Inc.
728,11  bit studios
729,Digital Eclipse
730,Disney
731,Steel Wool Studios
732,ScottGames
733,DSGame
734,Pingfang Games
735,Next Game Level
736,FarSight Studios
737,AnukenDev
738,Dinosaur Polo Club
739,Louis Rigaud
740,Minskworks
741,Orbit Studio
742,Super.com
743,Monster Games
744,704 Games Company
745,Picroma
746,Globiss Interactive
747,"Rogue Games, Inc."
748,ROCKFISH Games
749,Whirlpool
750,Wolfire Games
751,Render Cube
752,Toplitz Productions
753,Blazing Stick
754,Graffiti Games
755,No Games
756,Chilla's Art
757,League of Geeks
758,Monster Tooth Studios
759,Hogo Company
760,Seacoxx
761,Rude Ghost
762,Skymap Games
763,3rd eye project
764,Sony Music Entertainment (Japan) Inc. / UNTIES
765,Nise-Eikoku Studio
766,CUBETYPE
767,Edmund McMillen and Florian Himsl
768,Edmund McMillen
769,"Edmund McMillen, Florian Himsl"
770,Sicarius
771,CreativeForge Games
772,Egosoft
773,Tom Johnson
774,Slug Disco Studios
775,Warner Bros. Interactive Entertainment
776,Paranoid Interactive
777,Hyperstrange
778,Mirari&Co.
779,Juvty Worlds
780,Weird and Wry
781,Spider Nest Games
782,Neopica
783,Cheesecake Dev
784,Frogwares
785,Chaosmonger Studio
786,Assemble Entertainment
787,Autosavegame
788,PUMPKIM
789,FreeMind S.A.
790,Triumph Studios
791,DotEmu
792,‰∏ÉÂΩ©ÁªòËâ≤Ê∏∏Êàè
793,Team L.U.R.Id Glow
794,Morteshka
795,HypeTrain Digital
796,Studio Polygon
797,Random Potion Oy
798,Wild River Games 
799,RPN Indie Developer
800,One More Level
801,AtomTeam
802,Firesprite Ltd
803,Beautiful Glitch
804,Still Running
805,Merge Games
806,TUNNEL No.73
807,Therefore Games
808,Team SNEED
809,ATi Studios A.P.P.S. SRL
810,Ice-Pick Lodge
811,AVP & IT GmbH
812,j4nw
813,Kamyker
814,CyberConnect2 Co. Ltd.
815,Stormind Games
816,Jadon Barnes
817,Ossian Studios
818,Beamdog
819,Double Eleven
820,Hungry Couch Games
821,Crytek
822,The Game Kitchen
823,MinMax Games Ltd.
824,Yuzusoft
825,1047 Games
826,Terri Vellmann
827,Blobfish
828,Toge Productions
829,Modern Wolf
830,Ortharion project
831,Rusty Lake
832,Second Maze
833,Fuzzy Pixel Game Studio
834,One Up Plus Entertainment
835,MS GAMES
836,MS GAMES sp. z o.o.
837,Revolution Software Ltd
838,Brezg Studio
839,101XP
840,YETU GAME
841,Circle Poison
842,NotGames
843,SouthPAW Games
844,Corey Martin
845,Overflow
846,Jason ‚ÄúAmiPolizeiFunk‚Äù Ditmars
847,Ryuichi Kaminogi
848,Old Skull Games
849,GirlGames
850,AQUAPLUS
851,DMM GAMES
852,DRAGO entertainment
853,Movie Games S.A.
854,Ludeon Studios
855,10tons Ltd
856,Trendy Entertainment
857,IDEA FACTORY
858,Luden.io
859,Nival
860,Adult Swim Games
861,Other Ocean Emeryville
862,"Konami Digital Entertainment, Inc."
863,"OMOCAT, LLC"
864,Kamichichi
865,Remtairy
866,Urnique Studio
867,Double Fine Productions
868,yeo
869,Jeff Winner
870,Bethesda Game Studios
871,Guerrilla
872,PlayStation PC LLC
873,qureate
874,Might and Delight
875,Studio Tokiwa
876,Deep Silver Fishlabs
877,Deep Silver
878,Grimlore Games
879,Alexey Davydov
880,Flazm
881,PlayMagic
882,Aggro Crab
883,Team17 Digital
884,VR Designs
885,6 Eyes Studio
886,Pine Studio
887,Snapbreak
888,BEPLAYER
889,Art Games Studio S.A.
890,Xigma Games
891,"CFK Co., Ltd."
892,Bliss Brain
893,Wolf & Wood Interactive Ltd
894,Fun Train
895,Daijyobi Institute
896,HYOGO ONIMUSHI
897,TABINOMICHI
898,Nepos Games
899,"Wevr, Inc."
900,D-Pad Studio
901,Happy Broccoli Games
902,Fellow Traveller
903,Mighty Morgan
904,LVGameDev LLC
905,Graviteam
906,Daisu Games
907,WAFFLE GAMES
908,PsychoFlux Entertainment
909,Get Up Games
910,Nodbrim Interactive
911,Toadman Interactive
912,Dreamlight Games Studios SL
913,Milkstone Studios
914,MOTIONX STUDIO
915,Kaizen Game Works
916,Digital Crafter
917,AZGames
918,MistyMountainStudio
919,Gaming Minds Studios
920,KOEX studio
921,Blackbird Interactive
922,"Fatbot Games, s. r. o."
923,5 Lives Studios
924,Deep Silver 
925,BANDAI NAMCO Studios
926,Doublehit Games
927,Kwalee Ltd
928,ScopeNext Inc
929,PQube Limited
930,"Softstar Technology (Beijing) Co.,Ltd"
931,SOFTSTAR ENTERTAINMENT
932,07th Expansion
933,MangaGamer
934,Rejet
935,Beijing Happy Entertainment Technology
936,Avalon Digital
937,Gamatron AB
938,FreakZone Games
939,Screenwave Media
940,"Acttil, LLC."
941,GapTax
942,SHADE Inc.
943,Matrix
944,Lazy Bear Games
945,Damian Kubiak
946,Henry Kucab
947,Á´†È±ºÁΩêÂ§¥Âà∂‰ΩúÁªÑ
948,Mojiken
949,REFMAP
950,The Scholastics
951,BitterBerries
952,Dischan Media
953,Placeholder Gameworks
954,PikPok
955,Black Eye Games
956,Ravenscourt
957,Marvelous Inc.
958,XSEED Games
959,Tuxedo Labs
960,Beat Games
961,SmokeStab
962,Early Morning Studio
963,Other Ocean Interactive
964,Other Ocean Group
965,DreamStorm Studios
966,Games Operators
967,SC Jogos
968,Big Cheese Studio
969,Pyxeralia
970,Zachtronics
971,Mads Skovgaard
972,WhileOne Productions
973,PID Games
974,Piotr Wolk
975,Star Drifters
976,DANG!
977,Gen90Software
978,Ubisoft Paris Studio
979,Pixel Canvas Studios
980,Respawn Entertainment
981,Sunhead Games
982,Rare Ltd
983,Bleakmill
984,Hi-Quality Jerzy Calinski
985,Golden Eggs Studio
986,MidnightWorks
987,Yangyang Mobile
988,ZA/UM
989,Cosmic Forces
990,JellySnow Studio
991,October Games
992,Xiexe
993,Facepunch Studios
994,Nitroplus
995,JAST USA
996,Headquarter S.L.
997,Ripstone
998,Arc System Works
999,Moregames
1000,BenStar
1001,Binge Gaming OU
1002,Runner Duck
1003,Keen Games
1004,Lock 'n Load Publishing
1005,Deadlycrow Games
1006,Sleepy Sentry
1007,SoftWarWare
1008,Cyanide Studio
1009,Ghostpie Studio
1010,SpaceOwl Games
1011,"Spike Chunsoft Co., Ltd."
1012,ayato sound create
1013,MegaPixel Studio S. A.
1014,Forever Entertainment S. A.
1015,Casey Donnellan Games LLC
1016,SMG Studio
1017,Team D-13
1018,Rosenfeld
1019,The Strategy Game Studio
1020,"What Pumpkin Games, Inc."
1021,Domini Games
1022,Big Fish Games
1023,Weed Games
1024,Weed Games 
1025,Freebird Games
1026,Movavi Software
1027,Incuvo S.A.
1028,Kube Games
1029,Splash Damage
1030,European Flameworms
1031,Union Onion
1032,Beer Night Studio
1033,Owlcat Games
1034,META Publishing
1035,OVERKILL - a Starbreeze Studio.
1036,Starbreeze Publishing AB
1037,ARVORE Immersive Experiences
1038, ARVORE Immersive Experiences
1039,Verlumino Studios LLC
1040,Synthetic Domain
1041,Mega9pixel
1042,Playsaurus
1043,Han Zhiyu
1044,ChaosGalaxyStudio
1045,Heaven Studios
1046,Mystive Studios
1047,JANUS LABS
1048,"Nicalis, Inc."
1049,ADOG
1050,ËãèÂ∑ûÂπªÊ≠•ÁΩëÁªúÁßëÊäÄÊúâÈôêÂÖ¨Âè∏
1051,Nicolas Meyssonnier
1052,John Szymanski
1053,New Blood Interactive
1054,Question
1055,Enokippu
1056,T.F. Wright
1057,Cordens Interactive
1058,MAGES. Inc.
1059,SharkFishFish
1060,Stardock Entertainment
1061,Al Fine
1062,Ninetail
1063,Chalcedony Network
1064,Heluo Studio
1065,È¶ôÊ∏ØÂïÜÊ≤≥Ê¥õ‰∫íÂãïÂ®õÊ®ÇËÇ°‰ªΩÊúâÈôêÂÖ¨Âè∏
1066,Red Dot Games
1067,Palmsoft
1068,Copperglass
1069,VEWO Interactive Inc.
1070,HideChara
1071,AplusGames
1072,Branching Narrative Ltd
1073,Lil Hentai Games
1074,Orange Pylon Games
1075,Targem Games
1076,Owned by Gravity
1077,Nine Dots Studio
1078,Prime Matter
1079,Pawley Games
1080,Supermassive Games
1081,BANDAI NAMCO Entertainment Europe
1082,PersonaeGame Studio
1083,Red Ego Games
1084,Green Man Gaming Publishing 
1085,Jessy Lemieux
1086,Blackmyers Studio
1087,bitter sweet entertainment
1088,Eipix Entertainment
1089,Reality Inside Ltd.
1090,Winning Streak Games
1091,Stanislaw Truchowski
1092,TurnVex
1093,Pixeye Games
1094,TypeEh Studios
1095,FakeFish
1096,Nihon Falcom
1097,"NIS America, Inc."
1098,Sunward Games
1099,Finifugal Games
1100,Awaken Realms Digital
1101,Deka Ironworks
1102,DICO
1103,neko.works
1104,Behaviour Digital Inc.
1105,Volframe
1106,Starni Games
1107,Smee
1108,Kunos Simulazioni
1109,PlayTogether Studio
1110,The Artistocrats
1111,StudioS
1112,Eroge Japan
1113,Winged Cloud
1114,ustwo games
1115,24 Entertainment
1116,NetEase Games Montr√©al
1117,Stairport Sceneries
1118,Team Ladybug
1119, WSS playground
1120,@unepic_fran
1121,Lab 42
1122,Thunder Devs.
1123,Motion Twin
1124,DVloper
1125,Astral Pixel
1126,Inverse Game
1127,Snoozy Kazoo
1128,CUTE ANIME GIRLS
1129,Tranquility games
1130,Statespace
1131,Giant Sparrow
1132,Sinn Studio Inc.
1133,RUNWILD Entertainment
1134,Torpor Games
1135,3DClouds
1136,Dodge Roll
1137,Denneko Yuugi
1138,H5DEV Games
1139,Technomancy Studios
1140,niceplay games
1141,Nico Tuason
1142,Osumia Games
1143,RubberBandGames
1144,Friend & Fairy
1145,GalaxyTrail
1146,Just Trains
1147,Dovetail Games ‚Äì Trains
1148,Cyberwave
1149,DreamSmith Studio
1150,AOEPLUS
1151,Small Studio by Mac Guff
1152,Atlas V
1153,Rockstar North
1154,Petroglyph
1155,Xlab Digital
1156,Unbound Creations
1157,Lars Ulrika
1158,Infuse Studio
1159,Calappa Games
1160,Dragons
1161,Cortopia Studios
1162,VDimension
1163,EIRTeam
1164,Nezon Production
1165,Aluba Studio
1166,MyDreamForever
1167,FRENCH-BREAD
1168,ARC SYSTEM WORKS
1169,J.Bowman
1170,Duoyi Games
1171,"TALESSHOP Co., Ltd."
1172,Orcsoft
1173,FAKKU
1174,Finches Games
1175,CubeGameAisa
1176,Forceight
1177,Windybeard
1178,SystemSoft Alpha Corporation
1179,Interwise Multimedia Corp.
1180,Rockstar New England
1181,TPP Studio
1182,Moon Moose
1183,Robi Studios
1184,G-MODE
1185,Sirlin Games
1186,Â∑´Â•≥„Åï„Çì‰ΩúÊ≥ï
1187,Quantic Dream
1188,Fully Involved Game Studios
1189,Streum On Studio
1190,Maxis
1191,Ghost Games
1192,BioWare
1193,Hazelight
1194,MOTIVE
1195,CyberLink
1196,ORIGAME DIGITAL
1197,Creepy Brothers
1198,iNK Stories
1199,Eyaura
1200,LunchHouse Software 
1201,Coldwood Interactive
1202,Jo-Mei Games
1203,Arrowiz
1204,Giiku Games
1205,No Strike
1206,Deimos Interactive
1207,Konfa Games
1208,Stave Studios
1209,Alter Games
1210,Keinart Lobre
1211,Exit Plan Games
1212,Greylock Studio
1213,Digerati
1214,Savage Game Design
1215,Echo Entertainment
1216,Dojin Otome
1217,People Can Fly
1218, Square Enix
1219,Colestia
1220,Nekotokage
1221,Chris Nordgren
1222,Foreign Gnomes
1223,DESTINYbit
1224,"Arsi ""Hakita"" Patala"
1225,Frycandle
1226,Terri
1227,STUDIO N9
1228,CREST
1229,Frontwing
1230,ANIPLEX.EXE
1231,Milepost Simulations
1232,Bossman Games
1233,Ascaron Entertainment ltd.
1234,Strategy First
1235,Gearbox Software
1236,Tamsoft
1237,Pixel Reef
1238,GridSky Software AS
1239,DICE
1240,Gasket Games
1241,Lab Zero Games
1242,"Nippon Ichi Software, Inc."
1243,"Corecell Technology Co.,Ltd"
1244,The Spiteful Games
1245,HereSphere LLC
1246,MIYAKOpubl
1247,Dale Turner
1248,Gilligames
1249,Bugbear Entertainment
1250,Hopoo Games
1251,Exodus Software
1252,Joey Drew Studios
1253,Visceral Games
1254,Stellar Entertainment
1255,Magic Pockets
1256,Michael Trott
1257,Camshaft Software Ltd
1258,Cabbage Soft
1259,Innocent Grey
1260,AURORA Games
1261,KillHouse Games
1262,HeroCraft PC
1263,Draw Me A Pixel
1264,"Monster Games, Inc."
1265,Valentin Lievre
1266,Valve
1267,JanduSoft
1268,Grimorio of Games
1269,GrosChevaux
1270,Alex Hanson-White
1271,Gunfire Games
1272,Mr. Pink
1273,a10a010
1274,MyACG Studio
1275,Ubisoft Entertainment
1276,Natsume Inc.
1277,Webfoot
1278,Encore Inc.
1279,Lizard Hazard Games
1280,Green Man Gaming Publishing
1281,Jujubee S.A.
1282,BANDAI NAMCO Entertainment America Inc.
1283,Bad Pixel
1284,"ARC SYSTEM WORKS CO.,LTD."
1285,Miracle Moon
1286,Undead Labs
1287,Microsoft Studios Music
1288,SOFTSTAR
1289,Asobo Studio
1290,Great Gretuski Studios LLC
1291,ILLUSION
1292,HongCha Games
1293,Thermite Games
1294,Narrator
1295,SimonCreative
1296,Rewind Games
1297,68k Studios
1298,aNCHOR Inc.
1299,MAGIX Software GmbH
1300,Arkane Studios
1301,Neko Game
1302,Elder Games
1303,kaleidoscube
1304,FuturLab
1305,Phosphor Game Studios
1306,Frontwing USA
1307,Andrade Games
1308,Homebased
1309,TavroxGames
1310,Starfield Gaming
1311,Cellar Door Games
1312,Sowoke Entertainment Bureau
1313,Cyan Worlds Inc
1314,011 Games
1315,White Door Games
1316,ProjectMoon
1317,Hamsters Gaming
1318,WhiteMoor
1319,fushidara tei
1320,Gustav
1321,InvertMouse
1322,Resting Relic
1323,OnSkull Games
1324,Kojima Productions
1325,EMIKA_GAMES
1326,‰∏äÊµ∑ÁÉõÈæô‰ø°ÊÅØÁßëÊäÄÊúâÈôêÂÖ¨Âè∏
1327,Âåó‰∫¨ÁΩëÂÖÉÂú£ÂîêÂ®±‰πêÁßëÊäÄÊúâÈôêÂÖ¨Âè∏
1328,Bend Studio
1329,"Vintage Digital Revival, LLC"
1330,Kiary Games
1331,Blue Brain Games
1332,Weather Factory
1333,Digitalmindsoft
1334,Emberfish Games
1335,‰∫åËâ≤ÂπΩÁ¥´Ëù∂
1336,OSome Studio
1337,CITY CONNECTION
1338,Veewo Games
1339,PopCap
1340,DDDimanN
1341,Criterion Games
1342,TOM CREATE
1343,Blue Giraffe
1344,Ronimo Games
1345,Deer Dream Studios
1346,Sports Interactive
1347,Radon Labs
1348,DTP Entertainment
1349,Blueplanet VR
1350,Misc Games
1351,Beetlewing
1352,Semag Games
1353,ÁîòËÇÉÂòâÂÖÉÊï∞Â≠óÁßëÊäÄÊúâÈôêÂÖ¨Âè∏
1354,Phoenix Games
1355,"Wolfey Studios, LLC"
1356,Ground Shatter
1357,Mode 7
1358,704Games Company
1359,Motorsport Games
1360,Friendly Fox
1361,Choice of Games
1362,Mature Games
1363,Stove Studio
1364,High Iron Simulations
1365,Union Workshop
1366,RSSLO
1367,Malcs
1368,Poobool
1369,"Mono Software, Inc."
1370,SolarLune Games
1371,N7T-GAMES
1372,Yasagure Kitsuenjyo
1373,Not a Sailor Studios
1374,Firaxis Games
1375,SLGames
1376,Paro
1377,Milk Bottle Studio
1378,Dylan White
1379,LockedOn
1380,Mischief
1381,Lunasoft
1382,Bandai Namco Entertainment
1383,stillalive studios
1384,Flix Interactive
1385,James Patton
1386,Clockwork Bird
1387,Sever
1388,Indiesruption
1389,Blowfish Studios
1390,Studio Saizensen
1391,SUCCESS Corp.
1392,Hexagon Sphere Games UG
1393,MAGES.
1394,ARVI VR INC
1395,ARVI VR INC.
1396,Nameless XIII
1397,Subliminal
1398,White Vertex Studios
1399,Zerone Games
1400,Straight Back Games
1401,Planchette Games
1402,SoftColors
1403,Alterego Games
1404,StickyLock Studios
1405,SFL Interactive
1406,Basically Games
1407,"Basically Games, LLC"
1408,PleasingFungus Games
1409,SoDigital
1410,Blacklight Interactive
1411,Saga Planets
1412,Big Blue Studios
1413,Worlds To Play
1414,"Survios, Inc."
1415,Tyler Devine
1416,AdTechGames
1417,FeelThere
1418,StudioDobby
1419,peperoncino
1420,Experiment 101
1421,Flux Games
1422,GameMill Entertainment
1423,Zenovia Interactive
1424,Tribute Games Inc.
1425,Killerfish Games
1426,Mazjojo Productions
1427,Herculion
1428,Bryce Bucher
1429,Team Good Knight
1430,Doublethink Games
1431,Ubisoft Mainz
1432,Ubisoft
1433,Romulus
1434,Tarsier Studios
1435,Oxymoron Games
1436,Four Quarters
1437,Ghost Ship Games
1438,Coffee Stain Publishing
1439,Farbworks
1440,Odd Bug Studio
1441,Dragonrise Games
1442,Dandylion
1443,Moon Kid
1444,Frogsong Studios
1445,Crimsonite Games
1446,YCJY Games
1447,Matt Dabrowski
1448,Ice Arrow Games
1449,3DPet
1450,Awe Interactive
1451,ReRolled Studio
1452,Mason Lindroth
1453,Mobius Digital
1454,Honestly Games
1455,Mimimi Games
1456,Frima Studio
1457,Cublo
1458,Phalanx
1459,Motion Games
1460,Halycon Media
1461,ebi-hime
1462,Digital Fusion Inc.
1463,AGL studios
1464,Jelle Booij
1465,Unicube
1466,Payload Studios
1467,Smart Game Booster
1468,celusis
1469,CelLab
1470,Stas Shostak
1471,Skirmish Mode Games
1472,Huracan Studio
1473,Oskar St√•lberg
1474,Roope Tamminen
1475,Gregory Adam Scott
1476,Joy Way
1477,Creoteam
1478,Bloober Team
1479,Bloober Team SA                      
1480,Voolgi
1481,Unfrozen
1482,Playground Games
1483,39Soft
1484,moe north railway
1485,BUSAN SANAI GAMES
1486,CSLA Studio
1487,GexagonVR
1488,Black Lab Games
1489,Osik
1490,GuraShop
1491,Angela He
1492,Ares Dragonis
1493,Skeleton Crew Studio
1494,LukasH
1495,Render System
1496,vanripper
1497,Blastmode
1498,Artless Games
1499,CyberPunch Studios
1500,Prime Games
1501,Another Reality
1502,Reverie World Studios
1503,Jutsu Games
1504,Velan Studios
1505,Hoochoo Game Studios
1506,Brytenwalda
1507,ÂèåÂè∂Â∞èÁªÑ
1508,Little Chicken Game Company
1509,Valko Game Studios
1510,dietzribi
1511,The Binary Mill
1512,Nextgen Reality Pty Ltd.
1513,Rabbithole Games
1514,Igor Uduslivii
1515,Spooky House Studios UG haftungsbeschraenkt
1516,semiwork
1517,Soldak Entertainment
1518,„ÉÜ„ÇØ„Éé„Éâ„ÉÉ„Éà
1519,Osmose Studio
1520,Wankil Studio
1521,ALTARI GAMES
1522,Hero Concept
1523,Pocketpair
1524,Something We Made
1525,Tad Cordle
1526,Earthshine
1527,New World Interactive
1528,"Sichuan fruit Interactive Technology Co., Ltd"
1529,HorseGames
1530,œâstar
1531,Seikei Production
1532,Navegante Entertainment
1533,Beatshapers
1534,bitComposer Interactive GmbH
1535,Status Void Interactive
1536,ViewApp
1537,È£éÂüüÂ∑•‰ΩúÂÆ§
1538, HeyBox Games
1539,Tybug Studios
1540,Carry Castle
1541,Sega
1542,Tin Can Studio
1543,A.Y.std
1544, A.Y.std
1545,Igrek Games
1546,Games Incubator
1547,Dead Mage
1548,Tobias Springer
1549,tobspr Games
1550,Headware Games
1551,Ratalaika Games S.L.
1552,MAD Sprouts
1553,Only By Midnight Ltd.
1554,Maximum Games
1555,"Epic Games, Inc."
1556,Everguild Ltd.
1557,Vaka Game Magazine
1558, Konami Digital Entertainment
1559,SpiffyBit
1560,RockGame S.A.
1561,Lunheim Studios
1562,Marco Amadei
1563,Corvostudio di Amadei Marco
1564,Sonoma Games
1565,Community & Bohemia Interactive
1566,DIGIDICED
1567,Johannes G√§bler
1568,Future Friends Games
1569,Kaio Meris
1570,Stellar Entertainment Limited
1571,Succubus Diary
1572,Black Train
1573,huki damari
1574,Magyu Studio
1575,LightOn Game
1576,Goodgame Studios
1577,Modus Studios Brazil
1578,Burst2Flame Entertainment
1579,Lightbulb Crew
1580,Mana Potion Studios
1581,TiGames
1582,Antiidelay
1583,Simteract
1584,"Harmonix Music Systems, Inc"
1585,NCSOFT
1586,Hyper Games
1587,Aspyr
1588,Quite Fresh Games
1589,Epicenter Studios
1590,Ziggurat
1591,Sander Ambroos
1592,Business Goose Studios
1593,etherane
1594,T19 Games
1595,GameTomo Team
1596,"GameTomo Co., Ltd."
1597,Casper Croes
1598,hako life
1599,room6
1600,Clever Plays
1601,The Moon Pirates
1602,ClockStone
1603,kan.kikuchi
1604,Professional Villains
1605,Steamy Buns Games
1606,Sad Panda Studios
1607,InnerspaceVR
1608,MWM Interactive
1609,KUNOS Simulazioni
1610,Blazing Planet Studio
1611,CI Games
1612,Sigur Studio
1613,Hooksoft
1614,Field Of Vision
1615,Carlos Coronado
1616,BKNLab
1617,KING Art
1618,Milky Way
1619,Yumenamakon
1620,baron sengia
1621,Eggcode
1622,Different Tales
1623,Walkabout
1624,Llamasoft Ltd.
1625,Polygon Art
1626,Polygon Art Publishing
1627,SimplePlan Games
1628,Henagames
1629,Abyte Entertainment
1630, Abyte Entertainment
1631,Calin Ardelean
1632,Never Knows Best
1633,WanadevStudio
1634,Raceward Studio
1635,Renderise
1636,Travis Miller
1637,Ghost Dog Films
1638,Wales Interactive 
1639,Thomas Mackinnon
1640,Lychee Game Labs
1641,Doubles Core
1642,OTAKU Plan
1643,ÊªëÁ®ΩÂ∑•‰ΩúÂÆ§
1644,TechnoBrain
1645,Conor Petersen
1646,M11 Studio
1647,Trimatra Interactive
1648,Crescent Moon Games
1649,Gamex Games
1650,Crytek Studios
1651,Gamedust
1652,Andy Sztark
1653,Blingame
1654,Lightning Games
1655,Ubisoft Montreal
1656,Slightly Mad Studios
1657,Secret Labo
1658,That's Not A Game LLC
1659,Moondolino
1660,Murray Atkinson
1661,Joel Steudler
1662,Bosa-Games
1663,Appeal Studios
1664,Twin Hearts
1665,Edelweiss
1666,Boxelware
1667,Snapshot Games Inc.
1668,3dm_live_wallpapers
1669,CyberConnect2
1670,Vittorio Romeo
1671,Red Martyr Entertainment
1672,SOEDESCO
1673,M7 Productions
1674,Attrito
1675,Konnichiwa Games
1676,Kudosoft
1677,DigX Studios
1678,DP Games
1679,Ravenhood Games
1680,Dawnatic Games
1681,Bunnyhug
1682,Coatsink
1683,L. Stotch
1684,Jim Makes Games
1685,Maple Powered Games
1686,Searchlight Simulations
1687,Digital Train Model
1688,DigiTales Interactive
1689,High Brazil Studio
1690,"Twinbeard, Inc."
1691,Youthcat Studio
1692,sep-neko-ya
1693,CenterPoint Gaming
1694,2MW
1695,TeamSuneat
1696,Strategy 3 Tactics
1697,Ironhide Game Studio
1698,Dual Effect
1699, Electronic Arts
1700,DU&I
1701,Battlefront
1702,Wormwood Studios
1703,Wadjet Eye Games
1704,Live Wire
1705,Binary Haze Interactive
1706,Slipgate Ironworks‚Ñ¢
1707,DELiGHTWORKS Inc.
1708,Shiravune
1709,Noio
1710,Gniller
1711,KishMish Games
1712,Team Samoyed
1713,iMel
1714,One Man Behind
1715,CrazyBunch
1716,Terminal Reality
1717,mc2games
1718,NonNobis Games
1719,Sword & Axe LLC
1720,Independent Arts Software GmbH
1721,GrapeOcean Technologies
1722,Anton Kryukov
1723,VoyagerVR
1724,jacktostudios
1725,Ice Lava Games
1726,Kokutou Umeboshi
1727,"Banana Bird Studios, LLC"
1728,doekuramori
1729,Robert Raulus
1730,KeleSoft avoin yhti√∂
1731,Gee Kun Soft
1732,Pixelsplit
1733,Grumpyface Studios
1734,Cartoon Network Games
1735,Musclebird
1736,DreadXP
1737,Crawly Games
1738,Insane Code
1739,Walrusking
1740,VR Bros
1741,Bamtang Games
1742,Ravn Studio
1743,Zordix Publishing
1744,Reflect Studios
1745,Dreamsite Games
1746,SomaSim
1747,Fast Travel Games
1748,È≠îÊ≥ïË∞∑Â∑•‰ΩúÂÆ§(Magicvalley Studio)
1749,yookond.
1750,Consumer Softproducts
1751,Team Salvato
1752,Serenity Forge
1753,Lioncode Games
1754,The Outer Zone
1755,Travolab Replay
1756,Travolab Replay 
1757,Digital Extremes
1758,Sbug Games
1759,KIRA LLC
1760,Proximity Games
1761,BetaDwarf
1762,Nikita Kryukov
1763,Missing Calm
1764,Obsidian Entertainment
1765,Private Division
1766,City From Naught Inc.
1767,//commentout
1768,"Warrior General Games, LLC"
1769,Blackflag Games
1770,Max Mraz
1771,Nordcurrent
1772,Yoann Laulan
1773,Colorgrave
1774,Baronnerie Games
1775,Kenkou Land
1776,Clifftop Games
1777,Sugar Rush Studios
1778,Tholus Games
1779,Yooreka Studio
1780,WhyKev
1781,Aurora Punks
1782,Manufacture
1783,Sushi_soft
1784,Noobz from Poland
1785,"Boundless Dynamics, LLC"
1786,Beau Blyth
1787,SCRAMBLER
1788,Orca Layout
1789,Cute girl
1790,Lovely Games
1791,"Cygames, Inc."
1792,Lunaris Games
1793,Jagex Ltd
1794,LUXO Interactive
1795,LUK KUS SOFT
1796,MediaTale
1797,TrampolineTales
1798,Animas Games
1799,Shinachiku-castella
1800,Bithell Games
1801,Acid Man Games
1802,NEKO WORKs
1803,Johan Scherft
1804,Positech Games
1805,Nimble Neuron
1806,Bugbear
1807,davemakes
1808,INDICAVA INTERACTIVE
1809,Pete Wilkins
1810,Ludosity
1811,Hunter Studio
1812,DNA ARMY GAMING
1813,Ê®ÇÁ£öJoy Brick
1814,Paradox Tinto
1815,Quadfix Games
1816,OKSoft
1817,Spire Studio
1818,Element Studio
1819,G0C0RE
1820,Wangyuan Shengtang Entertainment Technology CO.
1821,Gameforge 4D GmbH
1822,HappyGames
1823,VR Factory
1824,Dread Hunger Team
1825,Digital Confectioners
1826,Movavi  Software
1827,Skyhook Games
1828,Nerd Monkeys
1829,Hatinh Interactive
1830,Canvas+Garden
1831,G CHOICE
1832,G CHOICE / STUDIOARTDINK
1833,Garage Heathen
1834,HR Innoways GmbH
1835,Saikono
1836,Darjeeling
1837,Flatcoon
1838,Benjamin Rommel Games
1839,Nullpointer Games
1840,go go go studio
1841,Duality Games
1842,Rolling Crown
1843,Animal Uprising
1844,Secret Mode
1845,„ÅÇ„ÅÜ„Å®„Åï„ÅÑ„Å©
1846,Otherworld Interactive
1847,PlaySide
1848,Team17 
1849,TRYLIGHT GAME STUDIO
1850,TheGamePublisher.com
1851,oneoreight
1852,"CAPCOM CO., LTD."
1853,Star Chess Studio
1854,KiberKreker
1855,Turquoise Revival Games
1856,Arcadia
1857,NZTS Workshops
1858,Virtual Tracks
1859, tinyBuild
1860,HappyGiant
1861,Big Sugar
1862,Joymania Development
1863,Team Reptile
1864,Animatic Vision
1865,Dionous Games
1866,Trinitite Team
1867,Pixel Sprout Studios
1868,Rebound CG
1869,Reborn Entertainment
1870,IronOak Games
1871,Outright Games Ltd.
1872,Konstantin Koshutin
1873,MicroProse Software
1874,capture1
1875,WASABI entertainment
1876,Wooden Monkeys
1877,Alawar Premium
1878,Cape Cosmic
1879,tenekekafalarstudios
1880,indie_games_studio
1881,"USERJOY Technology Co.,Ltd."
1882,Charlie Oscar Lima Tango Interactive Entertainment
1883,The Merchant Guild of Rund (Limited)
1884,Nifty Visuals
1885,Nifty Productions
1886,Skunkape Games
1887,ÈªÑÊòè„Éï„É≠„É≥„ÉÜ„Ç£„Ç¢
1888,"SUNFISH Co., Ltd."
1889,JUKKAKU GAMES
1890,Gameshastra
1891,INTENSE
1892,Molton Studio
1893,SBN3
1894,"Epyx, Inc."
1895,Pixel Games UK
1896,4Co
1897,Smarto Club
1898,Bark Bark Games
1899,LevelHead
1900,Frozenbyte
1901,Haydee Interactive
1902,Maze Theory Ltd
1903,"Rideon,Inc."
1904,KEMCO
1905,Wolverine Studios
1906,Signal Studios
1907,Accelerate Games
1908,Tantalus Media
1909,GSQ Games
1910,WAGNER ROCHA
1911,INDIE
1912,ÁôΩÁéâ‰∫¨Â∑•‰ΩúÂÆ§
1913,ÊàêÈÉΩÊêúÂèë‰∫íÂ®±ÁΩëÁªúÁßëÊäÄÊúâÈôêÂÖ¨Âè∏
1914,Innovina/StudioKiku
1915,"Mad Dog Games, LLC"
1916,wolfzqteam
1917,BVRgames
1918,Realmforge Studios
1919,Clouded Leopard Entertainment
1920,Clock Wizard Games
1921,Moonana
1922,Chaystar Unlimited LLC
1923,Baggy Cat Ltd.
1924,That Fish
1925,"That Fish, That Other Fish"
1926,White Owls Inc.
1927,A Few Dragons Pty Ltd
1928,Orteil
1929,Adobe
1930,Dieselmine
1931,wolfzq
1932,Marmalade Game Studio Ltd
1933,Out of the Park Developments
1934,Toukana Interactive
1935,Piranha Games Inc.
1936,Sold Out
1937,Sold out
1938,TipsWorks
1939,Giant Global
1940,hinyari9
1941,NamaTakahashi
1942,Eric Juvi
1943,Palme d‚ÄôOr
1944,Spry Fox LLC
1945, Spry Fox LLC
1946,Sad Mask Party
1947,NILWARE
1948,North Modding Company
1949,Minato Soft
1950,ÁãºÁÉüÊ∏∏Êàèstudio
1951,NiceBoat
1952,BRINK XR Inc.
1953,Phobia Game Studio
1954,Zoink
1955,Kujirabo„ÄÇ
1956,Analog Joker LLC
1957,616 GAMES
1958,Codename Entertainment Inc.
1959,Codename Entertainment Inc. 
1960,HardBoiled Studios
1961,GB Patch Games
1962,TERARIN GAMES
1963,Urban Wolf Games Inc.
1964,David Szymanski
1965,JiangHu Studio
1966,Snail Games
1967,Digixart
1968,Relic Entertainment
1969,Betadwarf
1970,Grandma Studios
1971,PhobiaGamesNet
1972,The Game Bakers
1973,È¨ºË∞∑Â∑•‰ΩúÂÆ§
1974,Giorgi Abelashvili
1975,Pixfroze
1976,1939 Games
1977,Bossa Studios
1978,Chicken Launcher
1979,Realms Distribution
1980,ENTACL GRAPHICXXX
1981,Tiamat Games
1982,Revog Games
1983,Ron Revog
1984,Sinkhole Studio
1985,Pixile
1986,"Beijing AmazGame Age Internet Technology Co., Ltd."
1987,CHANGYOU.COM HK LIMITED
1988,Cr√©ations AgoraS-114
1989,GameOn Production
1990,Jetdogs Studios
1991,Spare Parts Oasis
1992,ambai
1993,MoeGame
1994,HyperStar Group
1995,Neiwa Interactive
1996,Ellinia games
1997,Zaxiquej
1998,"Neonovice Co., Ltd."
1999,Eduard Kozadaev
2000,Good Gate Media
2001,Kajosoft
2002,Just Flight
2003,IPACS
2004,Ryan Saunders
2005,Games By Ryan
2006,HIROKO IMAKI
2007,Pujia8 Studio
2008,Spieleentwicklungskombinat GmbH
2009,SNEG
2010,PHOSEPO
2011,Cartoon game
2012,DMMD Team
2013,DYA Games
2014,Nitro+CHiRAL
2015,VirtualAge
2016,Team Simona
2017,Humble North
2018,Acureus
2019,Milkbar Lads
2020,2 Left Thumbs
2021,Old Apes
2022,Skrollcat Studio
2023,"PM Studios, inc."
2024,Oddshot Games
2025,Cartboard Games
2026,astragon Entertainment
2027,Roman Glebenkov
2028,Darkflow Software
2029,Gemini Stars Games
2030,Happy Max
2031,MariaCrown
2032,Flying Panjandrum / „Åµ„Çâ„ÅÑ„Çì„Åê„Éë„É≥„Ç∏„É£„É≥„Éâ„É©„É†
2033,STUDIO HG
2034,ChaoYe Liu
2035,KiwiGame
2036,Revolab
2037,Vector Interactive
2038,Viva Games
2039,2x2 Games
2040,UPLAY Online
2041,LukPlus
2042,Merlino Games
2043,IZZLE
2044,Buff Studio
2045,Kraftmaru
2046,NIPPON CULTURAL BROADCASTING EXTEND INC.
2047,Matt Cole
2048,‚àá
2049,Mark Zorn
2050,Wide Right Interactive
2051,Schell Games
2052,Celianna
2053,dorgel
2054,Dmitry Zheltobriukhov
2055,Borington
2056,Galart
2057,Typhoon
2058,Rogue Factor
2059,SIGONO INC.
2060, SIGONO INC.
2061,Berzerk Studio
2062,CreamCatGame
2063,Kucki
2064,EA Canada
2065,Èõ∂ÂàõÊ∏∏Êàè
2066,Littlefield Studio
2067,PrimaryOrbit
2068,Kaigan Games O√ú
2069,DOMO Studio
2070,Gleamer Studio
2071,Finn Lichtenberg
2072,TECOPARK
2073,Introversion Software
2074,Le Club des Sacs
2075,Tell Me Films
2076,KSYM
2077,Titan Forge Games
2078,Hi-Rez Studios
2079,Appnori Inc.
2080, Appnori Inc.
2081,Flavourworks
2082,ebb & flow games
2083,Abylight Studios
2084,tdlsoftware
2085,HONEYSOFT
2086,Radical Fish Games
2087,N4bA
2088,Evil Mojo Games
2089,Tenco
2090,RASK
2091,Job Talle
2092,Wild River Games GmbH
2093,Tiburon
2094,Cyber Eye
2095,DorsalFin Studio
2096,Room710Games
2097,DenchiSoft
2098,LongYou Game Studio
2099,LongYou Tech Ltd
2100,È£éÂÆáÂÜ≤
2101,Kalypso Media 
2102,Old World Studios‚Ñ¢
2103,Edym Pixels
2104,"Mane6, Inc."
2105,inXile Entertainment
2106,France VFR
2107,Renegade Sector Games
2108,Witte¬¥s Studio
2109,Kiddy
2110,1917 Studios
2111,Enodo Games
2112,Tayanna Studios
2113,SaltyEgg Studio
2114,Ëá¥ÊÑè
2115,Screaming Bee
2116,eduweb
2117,Red Storm Entertainment
2118,MobX GmbH
2119,One Up Plus
2120, Gaijin Distribution KFT
2121,BadPeanut
2122,"Armesto, Rev0"
2123,Success Games
2124,yomogi_soft
2125,SOFTSTAR TECHNOLOGY(SHANGHAI)
2126,ION LANDS
2127,SorelRo
2128,Eagle86
2129,Inverted
2130,Bunyap Campaigns
2131,373vFS_Greg
2132,Overseer Games
2133,Brainwash Gang
2134,Andy Law
2135,Geometa
2136,Daisyowl Games
2137,ËΩØÊòüÁßëÊäÄÔºàÂåó‰∫¨ÔºâÊúâÈôêÂÖ¨Âè∏
2138,Anomaly Games
2139,Goody Gameworks
2140,Light Brick Studio
2141,LEGO¬Æ Games
2142,Geargom
2143,„Éè„Ç≥„Éã„ÉØ„Éè„Ç≥„Éì„É§
2144,SOFTSTAR TECHNOLOGY(BEIJING)
2145,So Far So Good
2146,SQRT3
2147,BoRoBoRoGame
2148,Home Net Games
2149,AZAMATIKA
2150,Habupain
2151,inkle Ltd
2152,Alcedo Games
2153,OrcSoft
2154,mainMesh3D
2155,Fabien Weibel
2156,Scumhead
2157,Cold Iron Studios
2158,Mantaliss
2159,Allods Team Arcade
2160, MY.GAMES
2161,No Future
2162,Balcony Softworks
2163,Those Awesome Guys
2164,Paleodev
2165,Kids With Sticks
2166,the last evil wizard
2167,Flat Chest Dev
2168,Studio Amateur
2169,Pearl Abyss
2170,Happy Wakuwaku Project
2171,IllFonic
2172,Demagog Studio
2173,Untold Tales
2174,Golddorf Spieleentwicklung
2175,Landfall
2176,UnicON
2177,Hidden Variable Studios
2178,Autumn Games
2179,Loser/s
2180,Digital Tome
2181,watakubi
2182,Rock Square Thunder
2183,CubeCube Sports Ltd.
2184,Dreambyte Games
2185,VR Buddy Games
2186,Bearfoxbear
2187,Amelore
2188,ËíêËóèÈ¶ÜÂ∑•‰ΩúÂÆ§
2189,MedusasGame
2190,Yustas Game Studio
2191,Alawar Entertainment
2192,ASK_GAMES
2193,Another Axiom
2194,DeadGrass Games
2195,SilverForge
2196,Xendra
2197,PlayerOne Entertainment
2198,TeamKRAMA
2199,Good Luck Games S.A.
2200,„Åó„Çâ„Åü„Åæ„Åì
2201,inc.ZOFE
2202,Lino Slahuschek
2203,Numskull Games
2204,Paper Promises Programming
2205,"Asobism.Co.,Ltd"
2206,DeskClub Games
2207,Virgula Leal
2208,Jogo Joia
2209,CT Matthews
2210,Manic Mice
2211,Blazing Griffin
2212,Helicopter Simulator
2213,BEESWAX GAMES
2214,Syndrome interactive
2215,HeyBox Games
2216,Oddworld Inhabitants
2217,White Dew Games
2218,Kikai Digital
2219,MY.GAMES
2220, WhitePeach
2221,Peaksel
2222,Reckoner Industries
2223,The Iterative Collective
2224,Viking
2225,Ayacat Games
2226,Maaz Baig
2227,Jovius Studios
2228,nolsoft
2229,Spyridon Thalassinos
2230,"crim Co., Ltd."
2231,KADOKAWA
2232,0UP GAMES
2233,"ESQUADRA,inc."
2234,Flyhigh Works
2235,potato-life
2236,YooGame
2237,Dotemu
2238,Joseph Distler
2239,Hanako Games
2240,World Makers
2241,Atomic Elbow
2242,FND game
2243,Pepite Studios
2244,Doubleton Game Studio
2245,ALLAUGH GAMES
2246,Moonbit
2247,Mousetrap Games
2248,Byte Barrel
2249,Jeminie Interactive
2250,HitherYon Games
2251,Meridian4
2252,Horrible Guild
2253,Santa Monica Studio
2254,Fantasy Earth
2255,Black Pig Studio
2256,ondydev
2257,3+ Productions
2258,South Blue Moon
2259,Stanislaw Dev
2260,Magic Fuel Games
2261,KIMIDORI SOFT
2262,Black Eyed Priest
2263,Torture Star Video
2264,2ndBoss
2265,Turtle Rock Studios
2266,Warner Bros. Games
2267,TK. Projects
2268,Castello Inc
2269,Bandit Visual Games
2270,Venalith
2271,Booming Tech
2272,Rotorist Workshop
2273,Rocket Boy Games
2274,UNKNOWN GAMES
2275,Childish Things Ltd
2276,Adorable Games
2277,City State Entertainment
2278,Illwinter Game Design
2279,YUME
2280,Emberheart Games
2281,Apogee Entertainment
2282,Thomas van den Berge
2283,The Aviary
2284,AQUIRIS
2285,Diophante Studio
2286,Black Tabby Games
2287,Ben Wade
2288,Reflected Simulatons
2289,Ground Pounder Sims
2290,BitBros Inc
2291,Last Day of Work
2292,Godmode Interactive
2293,YeMuNetWork
2294,Jump
2295,Naps Team
2296,FireFly Studios
2297,Con Artist Games
2298,Kensei
2299,"originalsas, FabianKreutzerSound"
2300,Tim McArthur
2301,Monkey Face Software LLC
2302,FireTail
2303,Epixx.org
2304,StudioGoupil
2305,Unknown Worlds Entertainment
2306,Flashpoint Studios
2307,Iron Gate AB
2308,MDickie
2309,Ludic Studios
2310,illuminatigames
2311,Redeev
2312,Acrotere Design
2313,Goblinz Studio
2314,Vladimir Cholokyan
2315,Gatolab
2316,Gentlymad Studios
2317,6502 Workshop
2318,Silver Lining Studio
2319,Petoons Studio
2320,The Loco Shop
2321,Lily Spinel
2322,HUBLOTS
2323,XP Liu
2324,Slid Studio
2325,–ò–ª—å—è –ö—É–∑—å–±–æ–∂–µ–≤
2326,Saber Interactive Inc
2327,Proxy Studios
2328,Papertiger Studio
2329,Grease Monkey Games
2330,Interactive Fate
2331,Interactive Fate 
2332,Gamepires
2333,Badger633
2334,GSC Game World
2335,First Watch Games
2336,Monolith
2337,Omnifarious Studios LLC
2338,Andymente
2339,Black Matter Pty Ltd
2340,AleCubicSoft
2341,MalumGames
2342,Apog Labs
2343,hiddenVisions
2344,Hajime Doujin Circle
2345,Byzantine Games
2346,Ëó§Êú≠
2347,Limesim Team
2348,Monavista dev
2349,Monavista pub
2350,Tea Monster Games
2351,Kescrole AddOns
2352,No. 25
2353,Elias Viglione
2354,Ada Rook
2355,Bambuseae Games
2356,Deepnight Games
2357,YUZUSOFTSOUR
2358,radmatt
2359,Round8 Studio
2360,Phillip Trudeau-Tavara
2361,sodaraptor
2362,RaptorSoft
2363,ShiBoo!
2364,Elephant Games
2365,Sumo Digital
2366,Crisp App Studio
2367,Frompy Games
2368,Big Play Games
2369,Mojang Studios
2370,ÁéãÈüã
2371,Alex Tyagniryadko
2372,Red-Pixel
2373,Hamish Dunn
2374,ÁªùÊ±™
2375,DreamStep
2376,Team Corn Field
2377,AIHASTO
2378,Kitka Games
2379,Beatshapers Ltd.
2380,BanzaiProject
2381,Jonathan Calsolaro
2382,'Kill On Sight' Game development
2383,'Kill On Sight' Game Development
2384,Satur Cat
2385,Â¶ñÂ¶ñÁÅµÂà∂‰ΩúÁªÑ
2386,Louis Rochette
2387,Checkbox Entertainment
2388,Iron Horse Games
2389,Capcom
2390,middlepot
2391,YueluoGames
2392,Odencat
2393,"B.B.STUDIO CO.,LTD."
2394,BlackFoot Studios
2395,Blue Mammoth Games
2396,"Bluehole Studio, Inc."
2397,Kakao Games Europe B.V.
2398,Microbe Games
2399,Qrostar
2400,Pandora Technology
2401,WinterSpring Games
2402,Dynamic Dungeons
2403,Stefan Kelnberger
2404,LostVolBytes
2405,Bennett Farmer
2406,Âü∫Êú¨Êìç‰ΩúPlayClass
2407,SerVG
2408,Hide Head
2409,GameraGame
2410,Shaggy Doge
2411,Neon Giant
2412,RyanÈòøÁÖô
2413,RA Studio
2414,VR Storm Studio
2415,Beast Of World
2416,Kyle's Garage
2417,Rebel Act Studios
2418,Command Development Team
2419,Slitherine
2420,INSIDE SYSTEM
2421,Auden Jin
2422,LamaGlama Games
2423,PixBoy Studio
2424,Gossamer Games
2425,ohiyosoft
2426,Robot Squid
2427,Object Software
2428,MOB Games
2429,Mug Ugly Games
2430,STP WORKS
2431,FrostPeek Studio
2432,Monstars Inc.
2433,Mutiny Software
2434,Metronomik
2435,NUU
2436,KPC online
2437,FIVE-BN GAMES
2438,Nekoromorph
2439,YellowDuckWorks
2440,Granzella Inc.
2441,"ILCA,Inc."
2442,Love Conquers All Games
2443,Romantic Room
2444,"KRAFTON, Inc."
2445,0 Deer Soft Partnership
2446,Maxis‚Ñ¢
2447,Wild Monkey
2448,VR Pirates Game Studio
2449,Strategic Simulations
2450,505 Games 
2451,opmregisters
2452,IndieMax
2453,EA Redwood Shores
2454,Everlasting Games
2455,EA Los Angeles
2456,Bubby Darkstar
2457,Jonah Senzel
2458,Flex Entertainment
2459,Save All Studio
2460,Arigatonasu
2461,DLDev
2462,AIVIK LLC
2463,BIVAK LLC
2464,Lost Pilgrims Studio
2465,Deakcor
2466,Kokoro Reflections
2467,NomnomNami
2468,Raw Lion Workshop
2469,BOLUO
2470,Topgolf Media
2471,Octavi Navarro
2472,DangerousBob Studio LLC
2473,MCGame
2474,NN„Ç≤„Éº„É†Â∑•Êàø
2475,Roastery Games
2476,Ïú†ÏßÑÍ≤åÏûÑÏ¶à
2477,ÁÜäÁ™ùdodox
2478,EXOR Studios
2479,PixelShard
2480,Apus Software
2481,Dragoonwys
2482,Asteroid Lab
2483,"The Farm 51, All In! Games"
2484,Joycity
2485,CyberLight Game Studio
2486,Reality Pump Studios
2487,Topware Interactive
2488,HeR Interactive
2489,Rocksteady Studios
2490,Runic Games
2491,Blit Software
2492,Ironclad Games
2493,MachineGames
2494,Irrational Games
2495,Io-Interactive A/S
2496,Crystal Dynamics
2497,Lionhead Studios
2498,Capybara
2499,Capybara Games
2500,Rockstar Studios
2501,Croteam
2502,The Behemoth
2503,State of Play Games
2504,State of Play Games 
2505,GSC World Publishing
2506,Volition
2507,Suspicious Developments
2508,Deep Silver Volition
2509,DoubleDutch Games
2510,UBIart Montpellier
2511,Telltale Games
2512,OVERKILL Software
2513,Daybreak Game Company
2514,MeshTools
2515,G-TraX
2516,LucasArts
2517,Gaijin Entertainment Corporation
2518,Alientrap
2519,WB Games Montreal
2520,Slant Six Games
2521,Capcom Co. Ltd
2522,Waterlily Games
2523,Sledgehammer Games
2524,Data Realms
2525,"Data Realms, LLC"
2526,Burut CT
2527,Game Factory Interactive
2528,Jasper Byrne
2529,Superflat Games
2530,Traveller's Tales
2531,Coffee Stain Studios
2532,"Thekla, Inc."
2533,Day 1 Studios
2534,TT Games
2535,Looking Glass Studios
2536,Fishlabs Entertainment GmbH
2537,bitComposer Games
2538,Ubisoft Paris
2539,Subset Games
2540,Warner Bros. Interactive Entertainment 
2541,Creative Assembly
2542,Nyu Media
2543,SNK Games
2544,Lukewarm Media
2545,Circle 5 Publishing
2546,Dreampainters
2547,Ubisoft Reflections
2548,Ubisoft  Shangha√Ø
2549,"Level Up Labs, LLC"
2550,Level Up Labs
2551,5th Cell Media
2552,"Acoustica, Inc."
2553,Dennaton Games
2554,Torn Banner Studios
2555,Alexander Bruce
2556,Demruth
2557,2D BOY
2558,2D BOY 
2559,Squad
2560,Private Division 
2561,"Ubisoft Montreal, Massive Entertainment, and Ubisoft Shanghai"
2562,Ninja Theory
2563,TaleWorlds Entertainment
2564,Tomorrow Corporation
2565,Skybox Labs
2566,Ubisoft - San Francisco
2567,Galactic Cafe
2568,Abbey Games
2569,Dambuster Studios
2570,The Creative Assembly
2571,BlackMark Studio
2572,Running With Scissors
2573,The Sims Studio
2574,Goldhawk Interactive
2575,Young Horses
2576,Robotronic Games
2577,Polytron Corporation
2578,Trapdoor
2579,Core Design
2580,Starbreeze Studios AB
2581,Over the Top Games
2582,Over The Top Games
2583,Avalanche Studios
2584,Q-Games Ltd.
2585,Bethesda-Softworks
2586,Binary Fortress Software
2587,SEGA Studios Australia
2588,Sauropod Studio
2589,Mirillis
2590,Iron Galaxy Studios
2591,Iron Tower Studio
2592,Brightrock Games
2593,Metanet Software Inc.
2594,Giant Army
2595,"Olli Harjola, Otto Hantula, Tom Jubert, Carlo Castellano"
2596,Facepalm Games
2597,Cardboard Computer
2598,Fullbright
2599,Flying Wild Hog
2600,Vlambeer
2601,Airtight Games
2602,Eric Chahi
2603,The Digital Lounge
2604,Refract
2605,Bleank
2606,The Men Who Wear Many Hats
2607,Lo-Fi Games
2608,MercurySteam
2609,Infinite Interactive
2610,"D3Publisher of America, Inc."
2611,"Vicious Cycle Software, Inc."
2612,PlatinumGames
2613,Dylan Fitterer
2614,Serellan LLC
2615,Cyanide Studios
2616,Red Thread Games
2617,Stoic
2618,Eidos Montreal
2619,Red Barrels
2620,Lucas Pope
2621,3909
2622,The Chinese Room
2623,Frictional Games
2624,Mossmouth
2625,Greenheart Games üíö
2626,DoubleBear Productions
2627,Outerlight Ltd.
2628,Blendo Games
2629,Plug In Digital
2630,Bennett Foddy
2631,Opus
2632,Marvelous
2633,Ivory Tower in collaboration with Ubisoft Reflections
2634,Endnight Games Ltd
2635,Indomitus Games
2636,M2H
2637,Shining Rock Software LLC
2638,My Little Planet Ltd
2639,Untame
2640,Junction Point
2641,Disney 
2642,Cyberdreams
2643,Sir-Tech Canada
2644,"Gamepot, Inc."
2645,WildTangent
2646,RuneStorm
2647,Nomad Games
2648,Brace Yourself Games
2649,EA - Maxis
2650,Rising Star Games
2651,Clickteam
2652,Black Maple Games
2653,Blue Bottle Games
2654,Nekki GmbH
2655,Piranha Bytes
2656,Petit Depotto
2657,Rain Games
2658,Infinite Monkeys Entertainment Ltd.
2659,Necrophone Games
2660,Telltale
2661,Krillbite Studio
2662,Yacht Club Games
2663,Loiste Interactive
2664,Behold Studios
2665,9heads Game Studios
2666,GrisGris
2667,"Extremely OK Games, Ltd."
2668,Matt Makes Games Inc.
2669,The Fun Pimps
2670,The Fun Pimps Entertainment LLC
2671,Ragtag Studio
2672,Almost Human Games
2673,Endlessfluff Games
2674,Asteroid Base
2675,Blue Isle Studios
2676,Blue Isle Publishing
2677,Midnight City
2678,Image & Form Games
2679,MR-Software GbR
2680,Rocketcat Games
2681,Leafy Games
2682,Harvester Games
2683,Screen 7
2684,Robotality
2685,Gears for Breakfast
2686,Radiant Entertainment
2687,(none)
2688,DigitalDNA Games LLC
2689,Treasure
2690,Misfits Attic
2691,Digital Arrow
2692,Cherry Pop Games
2693,Hydravision Entertainment
2694,Mighty Rocket Studio
2695,Games Farm
2696,Zeboyd Games
2697,Northway Games
2698,Studio V5
2699,2Play
2700,Heart Machine
2701,Black Sea Studios Ltd
2702,The Astronauts
2703,Chicago & Southwest Productions
2704,Arrowhead Game Studios
2705,WB Games
2706,Netcore Games
2707,Aardman Animations
2708,Cyberlore
2709,Troika Games
2710,The Collective
2711,Ubisoft Sofia
2712,Ubisoft Montpellier
2713,WizarBox Production
2714,Viva Media Inc
2715,Neversoft
2716,KADOKAWA GAMES / GRASSHOPPER MANUFACTURE
2717,Stage 2 Studios
2718,2K Australia
2719,Xaviant
2720,Xaviant Games
2721,Phoenix Online Studios
2722,Pinkerton Road Studio
2723,Red Hook Studios
2724,Web Technology Corp.
2725,SkyGoblin
2726,"H2 Interactive Co., Ltd."
2727,Angry Mob Games
2728,Secret Exit Ltd.
2729,Mad Otter Games
2730,Gray Matter Studios
2731,K-D Lab
2732,KranX Productions
2733,Vitali Kirpu
2734,Capcom Game Studio Vancouver
2735,Ironward
2736,Matthew Brown
2737,White Paper Games
2738,Thomas Bowker
2739,TheGameCreators
2740,iRacing.com Motorsport Simulations
2741,Defiant Development
2742,TT Fusion
2743,Number None
2744,Tango Gameworks
2745,Brilliant Skies Ltd.
2746,Studio MDHR Entertainment Inc.
2747,Ska Studios
2748,Kloonigames
2749,XGen Studios
2750,Midgar Studio
2751,Panic Art Studios
2752,Dreadlocks Ltd.
2753,Pixel Ferrets
2754,Digital Happiness
2755,Laminar Research
2756,Tale of Tales
2757,"MindBlocks Studio, LLC"
2758,Himalaya Studios
2759,SFB Games
2760,Robert Miroszewski
2761,"Fancy Bytes, Reactor"
2762,Tachi
2763,Cryptic Sea
2764,Sector3 Studios AB
2765,RaceRoom Entertainment AG
2766,Volition Inc
2767,Interplay Corp
2768,Free Lives
2769,Stellar Jockeys
2770,Acid Wizard Studio
2771,Holotech Studios
2772,Ostrich Banditos
2773,DrinkBox Studios
2774,Hello Games
2775,Sproing
2776,familyplay
2777,Victory Works
2778,Gone North Games
2779,Primal
2780,TopWare Interactive
2781,IO Interactive
2782,Lince Works
2783,Knuckle Cracker
2784,WRF Studios
2785,Serious Bros.
2786,Creazn Studio
2787,GRIN
2788,Rainbow Studios
2789,"IDEA FACTORY Co., Ltd."
2790,"Idea Factory International, Inc."
2791,"Marauder Interactive, LLC"
2792,Humongous Entertainment
2793,BeamNG
2794,Finish Line Games
2795,Phoenix Online Publishing
2796,Chris Sawyer Productions
2797,Atari
2798,toxtronyx interactive GmbH
2799,YOTSUBANE
2800,Boneloaf
2801,Pocketwatch Games
2802,Berserk Games
2803,Trichotomy
2804,ALICE IN DISSONANCE
2805,4A Games
2806,DigiFX Interactive
2807,Adventurepro Games LLC
2808,1C-SoftClub
2809,weltenbauer. Software Entwicklung GmbH
2810,Bitbox Ltd.
2811,Alan Hazelden
2812,Double Damage Games
2813,Logic Artists
2814,Over The Moon
2815,Studio Pixel
2816,Powerhoof
2817,Enlight Software Limited
2818,Retroism
2819,Upper One Games
2820,E-Line Media
2821,ArenaNet¬Æ
2822,Stegersaurus Software Inc.
2823,Team Junkfish
2824,Junkfish Limited
2825,DL Softworks
2826,Acid Nerve
2827,Vexed Enigma
2828,Black Rock Studio
2829,Cavedog Entertainment
2830,Wargaming.net
2831,NGD Studios
2832,Wargaming Labs
2833,"Ubisoft Montreal, Red Storm, Shanghai, Toronto, Kiev"
2834,Mouldy Toof Studios
2835,ND Games
2836,Excalibur
2837,Excalibur Publishing
2838,Darius Bode
2839,Nyamyam
2840,THREE ONE ZERO
2841,"EQ-Games , Pixel Dash Studios"
2842,TripwireInt
2843,Ole Lange
2844,Mad Data GmbH & Co. KG
2845,PGN Inc
2846,Uppercut Games Pty Ltd
2847,Crytek 
2848,Little Worlds Interactive
2849,Everything Unlimited Ltd.
2850,Poni-Pachet SY
2851,Novectacle
2852,Puuba
2853,Noble Empire Corp.
2854,Playdead
2855,Failbetter Games
2856,Hinterland Studio Inc.
2857,Ninja Kiwi
2858,Smartly Dressed Games
2859,Cyan Inc.
2860,United Front Games
2861,Atypical Games
2862,Kyy Games
2863,Purple Lamp
2864,Super Duper Garrett Cooper
2865,Super Duper Game Company
2866,b-alive gmbh
2867,Candescent Games
2868,Candescent & Section
2869,"Bit Kid, Inc."
2870,Ageod
2871,Videocult
2872,Landon Podbielski
2873,Beam Team Games
2874,Beam Team Publishing
2875,Stormling Studios
2876,Microsoft Game Studios
2877,"CAVE Interactive CO.,LTD."
2878,Winged Pixel Inc.
2879,Pictopotamus
2880,"Just Add Water (Developments), Ltd."
2881,"Oddworld Inhabitants, Inc."
2882,Gaddy Games
2883,VisualArts/Key
2884,AvioDev
2885,Camouflaj
2886,"CINEMAX, s.r.o."
2887,Odin Game Studio
2888,Convoy Games
2889,Indietopia Games 
2890,The Molasses Flood
2891,Juggernaut Games
2892,High Impact Games
2893,Yatagarasu Dev Team
2894,Scott Cawthon
2895,Mografi
2896,Kitfox Games
2897,"Playdek, Inc."
2898,"M2 Co.,LTD"
2899,Dogenzaka Lab
2900,Circle Five Studios
2901,Circle Five Publishing
2902,Mountain Sheep
2903,Papaya Studio
2904,RobTop Games
2905,Rogueside
2906,Mastiff
2907,Loveshack Entertainment
2908,SUPERHOT Team
2909,Indimo Labs LLC
2910,Choice Provisions
2911,Nuke Nine
2912,Thunder Lotus Games
2913,JIW-Games
2914,Wonderstruck
2915,Aspyr Studios
2916,RailRight
2917,kChamp Games
2918,Google
2919,"MicroProse Software, Inc"
2920,Orthogonal Games
2921,"Monolith Productions, Inc."
2922,Sigtrap
2923,Turbo Pixel Studios
2924,Raymond Doerr
2925,SixtyGig Games
2926,Wayward Design
2927,"CAPCOM Co., Ltd. "
2928,Chris Hecker
2929,Anisoptera Games
2930,Indie Voyage
2931,Sonic Team
2932,Electric Succubi
2933,"GAME ARTS Co., Ltd."
2934," GungHo Online Entertainment America, Inc.	"
2935,"MidBoss, LLC."
2936,Beenox
2937,THQ
2938,Atmos Games
2939,Fourattic
2940,Sector3 Studios
2941,Forgotten Key
2942,Spellbound
2943,"PopCap Games, Inc."
2944,Thomas Happ Games LLC
2945,BrashMonkey
2946,Fayju
2947,Last Dimension
2948,Animu Game
2949,Thomas Biskup
2950,Freehold Games
2951,BlankMediaGames
2952,PiedPipers Team
2953,Space Bullet Dynamics Corporation
2954,"Black Chicken Studios, inc."
2955,Villa Gorilla
2956,Virtual Racing Industries Ltd.
2957,"FromSoftware, Inc"
2958,ARTDINK
2959,Trese Brothers
2960,Dingaling
2961,"Dingaling Productions, LLC"
2962,Celeris
2963,Celeris 
2964,Brainseed Factory
2965,Studio Evil
2966,South East Games
2967,Cosmi Valusoft
2968,DTP
2969,Cosmi/ValuSoft
2970,Sujin Ri
2971,Cheritz
2972,Ya2
2973,Flying Interactive
2974,Cornfox & Brothers Ltd.
2975,Straight Right
2976,Image Space Incorporated
2977,HuniePot
2978,Studio TeamShuriken
2979,Halfbus
2980,Steel Crate Games
2981,David Stark
2982,Zeno Rogue
2983,IMGN.PRO
2984,Cat5Games
2985,Code}{atch
2986,Twice Circled
2987,Fluffy Kitten Studios
2988,Dingo Games
2989,STRIKEWORKS
2990,KPy3O
2991,Noostyche
2992,Stuart Chatwood
2993,Eutechnyx
2994,Dusenberry Martin Racing
2995,Spiderling Studios
2996,Colossal Order
2997,PolyKnight Games
2998,È´òËÄÉÊÅãÁà±ÂßîÂëò‰ºö
2999,Kunos Simulazioni 
3000,JoyBits Ltd.
3001,City Interactive
3002,Invent4 Entertainment
3003,Nuclear Strawberry
3004,Littlewitch
3005,Ellada Games
3006,Crystal Dynamics Inc.
3007,Sami Maaranen (creator)
3008,Enormous Elk
3009,Fakt Software
3010,"A Sharp, LLC"
3011,TT Games Ltd
3012,House On Fire
3013,Capcom Vancouver
3014,Creepy Cute
3015,increpare games
3016,Forward Game Studios
3017,1337 & Senri AB
3018,Tilting Point
3019,Alabeo
3020,Dovetail Games - Flight
3021,Monolith Productions
3022,Drool
3023,Chris Sawyer
3024,Pinokl Games
3025,White Rabbit
3026,777 Studios
3027,"CAPCOM U.S.A., INC."
3028,nornware AB
3029,Lion Game Lion
3030,Apogee Software
3031,Triskell Interactive
3032,Infogrames
3033,Klonk Games
3034,Studio Bean
3035,Moppin
3036,Playtonic Games
3037,Virtual Basement LLC
3038,MumboJumbo
3039,Le Cartel Studio
3040,System Era Softworks
3041,Flying Cafe for Semianimals
3042,House House
3043,Bare Mettle Entertainment
3044,SilentFuture
3045,Coredumping
3046,Killmonday Games AB
3047,Crowbar Collective
3048,Silent Dreams
3049,Innomen Team
3050,HiFi Technologies
3051,Parabole
3052,Team Fractal Alligator
3053,Massive Entertainment
3054,Studio 397
3055,Pipliz
3056,Bulldog Interactive
3057,"Honor Code, Inc."
3058,Daedalic Studio West
3059,Dwarves Might Fly
3060,Team Cherry
3061,Koga Tech Limited
3062,Kiro'o Games
3063,Sam Barlow
3064,Spooky Doorway
3065,Antagonist
3066,"Ubisoft Quebec, in collaboration with Ubisoft Annecy, Bucharest, Kiev, Montreal, Montpellier, Shanghai, Singapore, Sofia, Toronto studios"
3067,Steel Mantis
3068,Riff Studios
3069,Oriolus Software GmbH
3070,Elixir Studios
3071,"Big Splash Games, LLC"
3072,PlayFirst
3073,Aliasworlds Entertainment
3074,nDreams
3075,‚ñ≥‚óã‚ñ°√ó (Miwashiba)
3076,Kite Games
3077,"FromSoftware, Inc."
3078,Tram D√ºsseldorf
3079,Transolar Games
3080,Subworld
3081,Afterthought LLC
3082,Trains & Drivers
3083,Virtual Rail Creations
3084,Flashpoint Productions
3085,Phoenix Game
3086,AKABEiSOFT2
3087,Pyramid
3088,Final Form Games
3089,Thibaud Michaud
3090,MuHa Games
3091,Dmytry Lavrov
3092,REX
3093,Lionheart Creations
3094,iWin
3095,DEVGRU-P
3096,GlyphX Games
3097,THE BROTHERHOOD
3098,Anima Project
3099,BadLand Publishing
3100,devotid
3101,devotid Media
3102,Guy Godin
3103,Mandragora
3104,Strange Loop Games
3105,BANDAI NAMCO Studio Inc.
3106,Eleon Game Studios
3107,aiueoKompany
3108,Clarus Victoria
3109,Stray Fawn Studio
3110,Campo Santo
3111,Panic
3112,Worthless Bums
3113,Dan Fornace
3114,Interplay Inc.
3115,Black Isle Studios
3116,Giant Squid
3117,Xatrix Entertainment
3118,Smorb Software
3119,Shiny Entertainment
3120,Permadeath
3121,The Odd Gentlemen
3122,Sierra
3123,Planetary Annihilation Inc
3124,Satur Entertainment
3125,ZiX Solutions
3126,Konsordo
3127,Clever Endeavour Games
3128,Axolot Games
3129,AndrewMD5
3130,Night School Studio
3131,Cardboard Robot Games
3132,Chucklefish Games
3133,Aquiris Game Studio
3134,Dumativa Game Studio
3135,Buka Entertainment
3136,tobyfox
3137,Butterscotch Shenanigans
3138,Gas Powered Games
3139,Raven Software
3140,OhNoo Studio
3141,Xform
3142,Bankroll Studios
3143,Iceflake Studios
3144,Joakim Sandberg
3145,Bifrost Entertainment
3146,Mindfield Games
3147,PixelTail Games
3148,Sluggerfly
3149,Phenomic
3150,PixelFade
3151,Rune Forge
3152,Caged Element Inc.
3153,Wired Productions
3154,"Jundroo, LLC"
3155,TERC
3156,Viva Media
3157,La Moutarde
3158,Digital Melody
3159,Fishing Cactus
3160,SCT
3161,Awesome Enterprises
3162,Nimbly Games
3163,Erik Sved√§ng
3164,Erik Sved√§ng AB
3165,Coffee Powered Machine
3166,Knuist & Perzik
3167,Team Gotham
3168,Kylotonn
3169,Liar-soft
3170,Fenix Fire Entertainment
3171,Crian Soft
3172,Madruga Works
3173,Animation Arts
3174,Playwood Project
3175,Housemarque
3176,Nathan Meunier
3177,Nate Sanders
3178,"Impulse Game Studios, LLC"
3179,Three Fields Entertainment
3180,Three Fields Entertainment 
3181,Plukit
3182,Dominique Grieshofer
3183,VP Project
3184,Haggard Games
3185,The House of Fables
3186,New Game Order
3187,New Game order
3188,DeGenerals S.A.
3189,Alda Games
3190,Team Meat
3191,Mark Schramm
3192,Mana Games
3193,Oreol
3194,2K Boston
3195,2K Marin
3196,Illusion Softworks
3197,RAZBAM Sims
3198,Heatblur Simulations
3199,Polychop Simulations
3200,Krome Studios
3201,ConcernedApe
3202,Snowbird Games
3203,Pixbits
3204,Mutated Software
3205,Playsport Games
3206,Holospark
3207,PiBoSo
3208,High Horse Entertainment
3209,Tropical Puppy
3210,Chernov Vyacheslav
3211,Plethora Project
3212,Shawn Hitchcock
3213,Hitchcock Games
3214,NoClip
3215,Magic Notion Ltd
3216,Visiontrick Media
3217,SeithCG
3218,ColdGames
3219,Lion's Shade
3220,Satsu
3221,Pelikan13
3222,I-Illusions
3223,Mastfire Studios Pty Ltd
3224,Future Cat LLC
3225,Chronos Unterhaltungssoftware
3226,Dharker Studio
3227,Dharker Studios Ltd
3228, VisualArts
3229,WIZNWAR
3230,FLARB LLC
3231,Sorath
3232,Tequila Works
3233,Campfire Games
3234,WOLCEN Studio
3235,The Deep End Games
3236,Funktronic Labs
3237,DONTNOD Entertainment
3238,Grey Alien Games
3239,ACQUIRE Corp.
3240,Wube Software LTD.
3241,Evil Tortilla Games
3242,Square Enix Montr√©al
3243,NVYVE¬Æ Studios
3244,One Hamsa
3245,BL-Logic
3246,Bombservice
3247,KeokeN Interactive
3248,Old B1ood
3249,Greens s.r.o.
3250,Microprose
3251,"Pentadimensional Games, SL"
3252,Secret Sorcery Limited
3253,Toffee Games
3254,Not Doppler
3255,David Capello
3256,Igara Studio
3257,Wallpaper Engine Team
3258,Wayward Prophet
3259,Matt Roszak
3260,LKA
3261,iEntertainment Network Inc
3262,IndieGala
3263,Adamvision Studios
3264,"Nerve Software, Gearbox Software, LLC"
3265,Pedro Vendeira
3266,Rhys McCollin
3267,Big Corporation
3268,Grunge Games LTD
3269,Winter Wolves
3270,Adriaan de Jongh
3271,DO MY BEST
3272,RebRank
3273,Jajaben Games
3274,Quantized Bit
3275,Sundae Month
3276,WeirdBeard
3277,Yeti
3278,Sleepy Duck
3279,RIVER CROW STUDIO
3280,3Dflow SRL
3281,BANDAI NAMCO Studio
3282,Spearhead Games
3283,Stellar Circle
3284,stage-nana
3285,Vitamin Games
3286,"Top Hat Studios, Inc."
3287,Goblinz Enterprises Ltd
3288,VirtualHere Pty. Ltd.
3289,Stegosoft Games
3290,Phosphor Games
3291,Texic
3292,Bear in the Night Studio
3293,Baroque Decay
3294,KROBON station
3295,Coolhand Interactive
3296,"Orbital Speed Studio Co.,Ltd."
3297,Weappy Studio
3298,Xuse
3299,Papurika.moe
3300,Initiative Media
3301,Contingent99
3302,Monte Cristo
3303,Magic Item Tech
3304,"Castle Pixel, LLC."
3305,FDG Entertainment
3306,SimBin Studios AB
3307,SimBin
3308,GIANTS Software
3309,Gabe Cuzzillo
3310,Sukeban Games
3311,Ysbryd Games
3312,Owlchemy Labs
3313,Torrunt
3314,Hanabira
3315,Game Atelier
3316,Thing Trunk
3317,RUST LTD.
3318,Code Horizon
3319,Philip Day
3320,Studio √âlan
3321,Date Nighto
3322,LizardFactory
3323,Quantum Realm Games
3324,Mikori Games
3325,GAME FREAK inc.
3326,Blind Bird
3327,Hibiki Katakura
3328,Immersive VR Education Ltd.
3329,Psytec Games Ltd
3330,Witching Hour Studios
3331,Blue  Blaze Gaming
3332,Blue Blaze Gaming
3333,Studio SiestA
3334,"Rocket-Engine Co.,Ltd."
3335,Ubisoft Annecy
3336,Askiisoft
3337,Paradox Development Studios
3338,Pixel Crow
3339,Factus Games
3340,VisualArts
3341,Underbite Games
3342,Reikon Games
3343,"Screeps, LLC"
3344,13AM Games
3345,Bonfire Games
3346,Small Moons
3347,Lantern Studio
3348,Awesome Games Studio
3349,Croteam VR
3350,Digital Cybercherries
3351,SONNORI Corp
3352,Skookum Arts
3353,MAD Virtual Reality Studio
3354,Pixel Gangsta Studio
3355,Ghostlight LTD
3356,VRWERX
3357,Kole Audio Solutions
3358,AutoAttack Games
3359,Monstrum
3360,My Dog Zorro
3361,Hyper Hippo Games
3362,Andrew Bates
3363,Infectious Ape
3364,Virtavia
3365,Spelkraft
3366,Sloclap
3367,Neognosis
3368,William Chyr Studio
3369,Transhuman Design
3370,Nerial
3371,Iron Lore Entertainment
3372,Warm Lamp Games
3373,GRASSHOPPER MANUFACTURE INC.
3374,No Brakes Games
3375,TenkLabs
3376,Infinite Fall
3377,Blue Byte
3378,EXAMU
3379,Z-Software
3380,SmileBoom Co.Ltd.
3381,sen
3382,Mothership Entertainment LLC
3383,DeXP
3384,Unusualsoft
3385,Cats Who Play
3386,Bigfingers
3387,Halfbrick Studios Pty Ltd
3388,VectorStorm Pty Ltd
3389,2 Zombie Games
3390,Madmind Studio
3391,VStep
3392,For Fun Labs
3393,RoKo0 (Roman Konyukhov)
3394,Strange Company
3395,Ubisoft San Francisco
3396,"GIBBING TREE, LLC"
3397,Harmonious Games
3398,Walnut LLC
3399,Polished Games
3400,Kuro Irodoru Yomiji
3401,Usurpator AB
3402,SUBSIM
3403,AeroSoft GmbH
3404,Osmotic Studios
3405,STUDIOARTDINK
3406,Nitro Games
3407,Grey Box
3408,"Forward Development, Ltd."
3409,"Forward Global Group, Ltd."
3410,10 Chambers
3411,Bedtime Digital Games
3412,Francois Roussel
3413,Sealost Interactive LLC
3414,Dimensional Ink Games
3415,No Matter Studios
3416,Deep Water Studio
3417,JCKSLAP
3418,MBDL
3419,SP-time
3420,UL
3421,Downpour Interactive
3422,Lisandro Lorea
3423,Crimson Ghost Games
3424,JCO
3425,CINIC Games
3426,Gamera Interactive
3427,Vulgat
3428,Bulkhead Interactive
3429,Jongwoo Kim
3430,Backwoods Entertainment
3431,Application Systems Heidelberg
3432,Aleksandr Golovkin
3433,YAGER
3434,Serkan Bakar
3435,Stress Level Zero
3436,Scraping Bottom Games
3437,Wenkly Studio Sp. z o.o.
3438,Craneballs
3439,RTK Entertainment
3440,OperaHouse Corporation
3441,Siege Camp
3442,Ammobox Studios
3443,Everglow Interactive Inc.
3444,Something Classic Games LLC
3445,"Sports Mogul, Inc."
3446,Nicholas Rizzo
3447,Quiet River
3448,Hesketh Studios Ltd
3449,BURA
3450,WARP
3451,Red Entertainment
3452,Superstatic
3453,Shiver Games
3454,KHB-Soft
3455,Far Road Games
3456,Gattai Games
3457,Matt Crux
3458,Playful Corp.
3459,Viridino Studios
3460,Amistech Games
3461,Toast
3462,34BigThings srl
3463,Impressions Games
3464,ProGames Studio
3465,Superboss Games
3466,SOFF Games
3467,Last Level
3468,Brian Lindenhof
3469,ShadowBrain Games
3470,ECC GAMES S.A.
3471,The Quadsphere
3472,"Smiling Buddha Games, LLC"
3473,Dynamic Pixels
3474,Pixelatto
3475,Capricia Productions
3476,Ogre Head Studio
3477,All Yes Good
3478,FNTASTIC
3479,TrisPix Studio
3480,Egor Magurin
3481,Indovers Studio
3482,The Munky
3483,Digital Dreams Entertainment LLC
3484,Escalation Studios
3485,Whirlybird Games
3486,Locomalito
3487,Dolphin Barn Incorporated
3488,Messhof
3489,Panache Digital Games
3490,FK Digital
3491,HakJak
3492,Owlet
3493,Bigosaur
3494,Andrew Smith
3495,a2z Interactive
3496,Portable Moose
3497,Team Panoptes
3498,ThroughLine Games
3499,D.E.X. Team
3500,Xitilon
3501,"Capcom Game Studio Vancouver, Inc."
3502,Alice & Smith
3503,Ladomu
3504,DigitalEZ
3505,Deep Shadows
3506,GFI
3507,IObit
3508,MercuryStudio
3509,Odd Raven Studios
3510,Mauro Vos
3511,Useless Machines
3512,SA Industry
3513,propeller
3514,Meteorise
3515,Funselektor Labs Inc.
3516,LOVIGAME
3517,Kaos Studios
3518,Double Helix Games
3519,ULTRA ULTRA
3520,Fireblade Software
3521,Ionized Studios
3522,Lukas Rustemeyer
3523,Cavalier Game Studios
3524,Orbcreation
3525,FoxWright Productions
3526,FantaBlade Network
3527,Deck Nine
3528,RedCandleGames
3529,Wild Factor
3530,Mixed Realms Pte Ltd
3531,Bit Dragon
3532,Toposim
3533,DeadToast Entertainment
3534,Buried Signal
3535,No Code
3536,Laura Shigihara
3537,Razzart Visual
3538,Barrel Roll Games
3539,Nihilistic Software
3540,ColtGames
3541,Smokebox
3542,virtualRailroads
3543,Battlecruiser Games
3544,Ubisoft Pune
3545,Protection Games
3546,Mooneye Studios
3547,Interplay
3548,JMJ Interactive
3549,VinLia Games
3550,Blackjard Softworks
3551,Wolfdog Interactive
3552,Waygetter Electronics
3553,"Little Flag Software, LLC"
3554,Tomlab Games
3555,"Lion Shield, LLC"
3556,Lunar Rooster
3557,Terrible Toybox
3558,Trunks
3559,Perfuse Entertainment
3560,Radical Phi
3561,Leopoly
3562,Bowlcut Studios
3563,Arnaud De Bock
3564,Peregrin Developers
3565,Invisible Walls
3566,Paper Castle Games
3567,"Arcen Games, LLC"
3568,Grip Digital
3569,Spicy Tails
3570,Team HalfBeard
3571,Mirage Game Studios
3572,madosoft
3573,Binx Interactive
3574,Funghisoft
3575,Bellcat Game
3576,Low Magic Studios
3577,Noble Muffins
3578,Demolish Games S.A.
3579,Albino Moose Games
3580,Unique Development Studios AB
3581,Interplay Entertainment Corp.
3582,System 3
3583,GameChanger Studio
3584,Prideful Sloth
3585,Every Single Soldier
3586,Broken Rules
3587,Gingertips Game Studio
3588,Artem Vodoriz
3589,Gavra Games
3590,Flamebait Games
3591,Cosmo Machia
3592,VoiceAttack.com
3593,Paleontology
3594,"Bluehole, Inc."
3595,BANDAI NAMCO Entertainement
3596,Christian Whitehead
3597,Sewer Cat
3598,YoYo Games Ltd.
3599,Flashbulb
3600,Bolverk Games
3601,Master Indie
3602,"Urvogel Games, LLC"
3603,Sean Tann
3604,John Carline
3605,GreenerGames
3606,Altfuture
3607,FeelThere 
3608,Majorariatto
3609,Anvil Game Studios
3610,Headbang Club
3611,Deconstructeam
3612,Rune Skovbo Johansen
3613,Washbear Studio
3614,Candleman Games
3615,Pyromancers.com
3616,Foam Sword
3617,The Gentlebros
3618,Petums
3619,Klace
3620,SadSquare Studio
3621,Curse Box Studios
3622,Reflexive Entertainment
3623,Crema
3624,Oleg Sergeev
3625,Jason Rohrer
3626,Cuddle Monster Games
3627,Formslingers
3628,Visualnoveler
3629,Doborog Games
3630,Asymmetric
3631,BitterSweet Entertainment Inc.
3632, SmileBoom Co.Ltd.
3633,IzHard
3634,DesktopPaints LLC
3635,K Monkey
3636,Easy Trigger Games
3637,O.T.K Games
3638,"Vblank Entertainment, Inc."
3639,Sketchbook Games
3640,Anti-Ded GameDev
3641,Naarassusi Game
3642,Jacob Janerka
3643,Dustwind Studios
3644,Z-Software GmbH
3645,Room-C Games
3646,The Voxel Agents
3647,Moongate Digital
3648,Feperd Games
3649,4 Fun Studio
3650,Apache600
3651,Martian Rex
3652,Morningstar Game Studio
3653,Lost the Game Studios
3654,≈Åukasz Jakowski
3655,≈Åukasz Jakowski Games
3656,Crystal Shard
3657,Megastorm Games
3658,Romero Games
3659,Loading Home
3660,Nils Jakrins
3661,Outer Brain Studios
3662,Ballistic Interactive
3663,Hovgaard Games
3664,Wily Pumpkin
3665,Yosemite Entertainment
3666,Stardock
3667,Stormseeker Games
3668,AQURIA
3669,JoyMasher
3670,Okomotive
3671,JW
3672,Sumo Digital Ltd
3673,Manufacture 43
3674,Teal Fire
3675,Nordic Trolls
3676,VIS-Games
3677,Long Hat House
3678,DryGin Studios
3679,CookieByte Entertainment
3680,Atorcoppe Games
3681,YummyYummyTummy
3682,Aleksandar Kuzmanovic Games Inc.
3683,Levall Games AB
3684,Bevan McKechnie
3685,White Wizard Games
3686,Brilliant Game Studios
3687,Pavo Studio
3688,"YGGDRAZIL GROUP CO.,LTD"
3689,Event Horizon
3690,KYE Creations
3691,Forthright Entertainment
3692,Cold Beam Games
3693,Pumpkin Interactive
3694,Appeal
3695,"mtb design works, inc."
3696,Stonebrick Studios UG
3697,505Games
3698,onebitbeyond
3699,Sick Puppies
3700,Thomson Interactive
3701,Supergonk
3702,Fluxscopic Ltd.
3703,Vile Monarch
3704,Piece of Cake studios
3705,Tuque Games
3706,Wizards of the Coast
3707,EQ Studios
3708,Ink Stains Games
3709,FURYU Corporation
3710,Power Struggle Games
3711,"Tozai Games, Inc."
3712,Cradle Games
3713,Robot Riot UG (haftungsbeschr√§nkt)
3714,Impact Gameworks
3715,Zetsubou
3716,Paul Helman
3717,Leppsoft
3718,WarpFrog
3719,Triternion
3720,BusTrainz
3721,BEHEMUTT
3722,AMAX Interactive
3723,historia Inc
3724,AMG GAMES
3725,Uber Entertainment
3726,Perun Creative
3727,REALITEER Corp.
3728,Nkt Studio
3729,Darril Arts
3730,Falcon Development
3731,Cheerdealers
3732,Ovosonico
3733,HOF Studios
3734,Enhance
3735,SteelRaven7
3736,PeDePe GbR
3737,BlackTale Games
3738,Salmi Games
3739,thatgamecompany
3740,Vanimals
3741,Skystone Games Inc.
3742,frecle
3743,Levity Play
3744,The Drone Racing League
3745,FitXR
3746,Skonec Entertainment
3747,Orbx
3748,KAGAMI WORKS
3749,Jacob Mann
3750,onecon
3751,tri-Ace
3752,"BadFly Interactive, a.s."
3753,App Holdings
3754,Mega Crit Games
3755,Ivory Tower
3756,Warner Bros. Interactive
3757,Corroding Games
3758,Redbeet Interactive
3759,Kanda Technologies
3760,Kanda Technologies Inc.
3761,A44
3762,Team Jolly Roger
3763,Crasleen Games
3764,Cleveland Mark Blakemore
3765,Golden Era Games
3766,Nimble Giant Entertainment
3767,Humble Grove
3768,Juggler Games
3769,"Massive Damage, Inc."
3770,ASA Studio
3771,Hitbox Team
3772,Lumbernauts
3773,Spacewave Software
3774,Midnight Games EIRL
3775,Team Grybanser Fox
3776,Game Grumps
3777,Oliver Keppelm√ºller
3778,Thorium
3779,Kucing Rembes
3780,Skeleboom Project
3781,Artisano
3782,KeroQ
3783,Rolling Glory Jam
3784,Psilocybe Games
3785,Fictiorama Studios
3786,Scolaro Games
3787,Huw Millward
3788,Andrii Vintsevych
3789,Second Order
3790,Team Arcana
3791,"Iocane Games, LLC"
3792,U-Secret Studio
3793,BKOM Studios
3794,SuperSixStudios
3795,Hen Wen Studio
3796,Ant.Karlov
3797,Lighthouse Games Studio
3798,Rava Games
3799,nDreams / Near Light
3800,nDreams 
3801,startgrid
3802,Inexplicable Games
3803,The Snarktopus
3804,Uncasual Games
3805,Borne Games
3806,Crystice Softworks
3807,VertexBreakers
3808,Rootless Studio
3809,Tiny Bull Studios
3810,HL-Galgame
3811,RUHRSOURCE GmbH
3812,"Rockwell Studios, LLC"
3813,Moonray Studios
3814,Big Way Games
3815,Big Kitty Games
3816,Dapper Penguin Studios
3817,Nearga
3818,VirusSea
3819,Rebelia Games
3820,Sacada
3821,Squeaky Wheel Studio Inc
3822,Indefatigable
3823,IK Interactive
3824,Neuronality
3825,Trebuchet
3826,Catobyte
3827,Catobyte Ltd
3828,Silver Spook Games
3829,Real Welders
3830,Quicksilver Software
3831,Landfall West
3832,Love in Space
3833,Propulsion Games
3834,White Noise Games
3835,Proton Studio Inc
3836,Another Yeti
3837,Fourfold Games
3838,"Monochrome, Inc"
3839,Total Mayhem Games
3840,Symmetric Games
3841,Creative Rail
3842,UMEO Studios
3843,Orchid Games
3844,SoulGame Studio
3845,Pyro Studios
3846,Gameclaw Studio
3847,Monkey Moon
3848,Pixelnicks
3849,J. King-Spooner
3850,erm...	
3851,RageSquid
3852,Deimos Games
3853,INTO GAMES
3854,JCP Games Studio
3855,doorfortyfour
3856,Byterunners Game Studio
3857,Nomada Studio
3858,Origin8 Technologies Ltd.
3859,David Walters
3860,UGRA-Media
3861,DigiPotato Studio
3862,MIROWIN
3863,Progorion
3864,Picklefeet Games
3865,Eidos Interactive
3866,Cherrymochi
3867,Unknown Origin Games Inc
3868,Hendrik Felix Pohl
3869,Plausible Concept
3870,Epic LLama
3871,IO Interactive A/S
3872,Firecast Studio
3873,Polymorph Games
3874,Ion Storm
3875,"BigBox VR, Inc."
3876,AurumDust
3877,Caustic Reality
3878,OtherSide Entertainment
3879,RyseUp Studios
3880,Outerdawn
3881,4Bit Games
3882,RLR Training Inc
3883,"Marvelous, Inc."
3884,Liquid Donkey Games
3885,Cosmo D
3886,Graybeard Games
3887,Joel Kivel√§
3888,Valsar
3889,Snowhound Games
3890,Sparks Games
3891,Attu Games
3892,800 North and Digital Ranch
3893,StumpyüêôSquid
3894,Helmi Bastami
3895,Ben Esposito
3896,Funomena
3897,Terry Cavanagh
3898,SP Digital Arts Inc.
3899,Ê©òÂ≠êÁè≠
3900,EasyGameStation
3901,Carpe Fulgur LLC
3902,Masterbrain Bytes
3903,Nitrous Butterfly
3904,Rock VR
3905,suxamethonium
3906,HZ3 Software
3907,Ghostbutter
3908,Black Forest Games
3909,George Batchelor
3910,Kasey Ozymy
3911,Crypton Future Media
3912,Fallen Planet Studios
3913,Halycon Media 
3914,Jan Jileƒçek
3915,"APLUS Co., Ltd"
3916,Airship Syndicate
3917,Megagon Industries
3918,Moonfire Entertainment
3919,Radiation Blue
3920,Ê∑±Áà™Ë≤¥Êóè
3921,"ILINX, Inc."
3922,Lose
3923,"Samantha ""Avanya"" Woods"
3924,Camel 101
3925,Eastshade Studios
3926,Favorite
3927,Vifth Floor
3928,Mi-Clos Studio
3929,Tactic Studios Inc.
3930,Storybird Games
3931,Stunlock Studios
3932,The Wandering Ben
3933,Hibernian Workshop
3934,"IllFonic, LLC"
3935,Borrowed Light Studios
3936,teamcoil
3937,"Sastrei Studios, LLC"
3938,Emberstone Interactive
3939,Nadeo
3940,Hidden Fields
3941,Glass Heart Games
3942,Bouncyrock Entertainment
3943,Source Studio
3944,Source Technology
3945,Candymakers
3946,Grid Sage Games
3947,MATCHB
3948,FirePoint
3949,com8com1 Software
3950,Sharecare Reality Lab
3951,"Sharecare, Inc."
3952,Big Sir Games
3953,Route 59
3954,Fuming
3955,Karl Flodin
3956,SquarePlay Games
3957,Portal Studios
3958,Binogure Studio
3959,Isolated Games
3960,Anarkis Gaming
3961,373vFS Greg
3962,Nodding Heads Games
3963,Vicarious Visions
3964,Martin Ivanov
3965,Voxel Tycoon
3966,SpaceCan
3967,Super Icon Ltd
3968,Konstructors
3969,Hook Games
3970,Harpoon Games
3971,PanicBarn
3972,"IllFonic, LLC."
3973,Sixteen Tons Entertainment
3974,Feral Cat Den
3975,Â¢®È±ºÁé©Ê∏∏Êàè
3976,Periscope Games
3977,Hempuli Oy
3978,Uri Games
3979,Polyslash
3980,Inertia Game Studios
3981, Inertia Game Studios
3982,RedRuins Softworks
3983,Sobaka Studio
3984,Simon Fredholm
3985,Kinetic Games
3986,GIGA
3987,VRESKI
3988,Cairn4
3989,Jesse Makkonen
3990,"CAPCOM CO., LTD"
3991,TAITO CORP.
3992,Fossil Games
3993,Hound Picked Games
3994,Exe Create Inc.
3995,calme
3996,Metanaut
3997,RocketPunch Games
3998,TARO
3999,Angry Demon Studio
4000,Interactive Stone
4001,Cypron Interactive
4002,Cypronia
4003,Big Fat Simulations Inc.
4004,Kaj Forell Video Game Brand
4005,Lapioware
4006,Breaking Walls
4007,Silky's Plus Wasabi
4008,Flyover Games
4009,HopFrog
4010,SUPERSCARYSNAKES
4011,Dinamic Games
4012,FX Interactive
4013,TEAM HORAY
4014,Saibot Studios
4015,Giant Enemy Crab
4016,Erebus
4017,Gaugepunk Games
4018,Redwood
4019,"GANBARION Co., Ltd."
4020,btf
4021,Shedworks
4022,Bird Bath Games
4023,Dynamic Media Triad
4024,Digital Tribe
4025,Meta Interaction
4026,CGE Digital
4027,PixelCount Studios
4028,Farbs
4029,Jannik Nickel
4030,Hydra Games S.A.
4031,Warpzone Studios
4032,PopTop
4033,Snowcastle Games
4034,Guanpeng Chen
4035,Grundislav Games
4036,Rejected Games
4037,Evil Bite
4038,Graceful Decay
4039,Dan Smith Studios
4040,Worldwalker Games LLC
4041,Sabotage
4042,Auroch Digital
4043,Bigmoon Entertainment
4044,JustUsGameLab
4045,Wazen
4046,"Joon, Pol, Muutsch, Char & Torfi"
4047,Noodlecake
4048,Snap Finger Click
4049,TapBlaze
4050,Picorinne Soft
4051,Fat Gem
4052,Dali Games
4053,Russ Beuker
4054,Tetherscript Technology Corporation
4055,ArtVostok
4056,Spoon Network
4057,yevhen8
4058,KK Game Studio
4059,Kremlingames
4060,Sandstorm Studios Inc.
4061,Pilgway
4062,Sokaikan ltd
4063,No Gravity Games
4064,L&L Technology
4065,Cultic Games
4066,Galactic Gaming Guild
4067,Whippering
4068,Captain Games
4069,Monad Rock
4070,Flaming Fowl Studios
4071,Magic Design Studios
4072,LW.C
4073,Koksny.com
4074,3Division
4075,OutOfTune
4076,Crenetic
4077,Agate
4078,Wildlak
4079,Joshua Chen
4080,Studio GPBeta
4081,Emilios Manolidis
4082,Heliocentric Studios
4083,WindThunder Studio
4084,Skywalker HK
4085,Lost Tower Games
4086,Studio Nanafushi
4087,Veyeral Games
4088,The Hidden Levels
4089,Not Yet
4090,Other Tales Interactive
4091,Another Story
4092,Orfeas Game Studio
4093,AmberDrop
4094,Nupixo Games
4095,Illusion Ray Studio
4096,The Web Production
4097,USM
4098,A2A Simulations
4099,Queen Bee Games
4100,Chance Agency
4101,eSail Ltd.
4102,Corbie Games
4103,LEVEL-5
4104,Red Vibe Studio
4105,Myou Software
4106,maJAJa
4107,Night-time Sheep
4108,PunkPirates
4109,Tatamibeya Áï≥ÈÉ®Â±ã
4110,Sam
4111,Legend Studio
4112,SMILE
4113,Tl√∂n Industries
4114,Evil Twin Artworks
4115,Doble Punch Games
4116,Lilou Studio
4117,Moondrop
4118,Kindred Games
4119,Five Mind Creations
4120,ChaosForge
4121,NC Studio
4122,Ubisoft Quebec
4123,moi rai games
4124,FromSoftware
4125,Activision (Excluding Japan and Asia)
4126,CO5MONAUT
4127,DragonSnow
4128,Alien Pixel Studios
4129,Creepy Jar
4130,Mash Games
4131,Inu to Neko
4132,Starship Studio
4133,Namo Gamo
4134,Paper Cult
4135,Pajama Llama Games
4136,Glitch Pitch
4137,Artalasky
4138,HexGameStudio
4139,Proud Dinosaurs
4140,Orsam Information Technologies
4141,Magnus Games Studio
4142,Wonderscope
4143,The Meta
4144,Chump Squad
4145,Spytihnƒõv
4146,Maciej Kuzianik
4147,E.N.Nach
4148,Kinemotik Studios
4149,Andromeda Entertainment
4150,Palm Pioneer
4151,Memory of God / Lambic Studios
4152,PixelHive
4153,AtomicTorch Studio
4154,Porcelain Fortress
4155,Studio Aurum
4156,SOEDESCO 
4157,Arcade Oven
4158,Funcraft Games
4159,"Devster, LLC"
4160,Rafael Burgos
4161,Kurenaibook
4162,Cordelia Games
4163,Grapeshot Games
4164,NIGORO
4165,Qunee
4166,Argonwood
4167,Unspeakable Pixels
4168,ConchShip Games
4169,Plasticity Studios
4170,Modularity
4171,4Fishing
4172,Blagovest Penev
4173,Hollow Ponds
4174,Bitten Toast Games Inc.
4175,Pinkbanana Soft
4176,H-GAME
4177,Artdink
4178,Wandering Wizard
4179,Sole Survivor Games
4180,Invader Studios
4181,Rigidbody
4182,Rig&Zig Entertainment
4183,VRKiwi
4184,Tendershoot
4185,IceSitruuna
4186,Kodera Software
4187,Polyarc
4188,JAYFLGAMES
4189,Wonderbelly Games
4190,Brain Seal Ltd
4191,Bit Loom Games
4192,Rexcellent Games
4193,2Awesome Studio
4194,Resonair
4195,kido
4196,Membraine Studios
4197,ThinMatrix
4198,George Mandell
4199,Balloon Moose Games
4200,Happy Ray Games
4201,Orichalcum Pictures
4202,Salangan Games
4203,Phoenix_co
4204,Ragged Games
4205,MythoLogic Interactive
4206,Wicked Witch
4207,Tru Blu Games
4208,SapphireSoft
4209,Onion Games
4210,Experiment 7
4211,KAIJYU-09
4212,Blue Manchu
4213,Chimeric
4214,Pixeljam
4215,Ghost Town Games
4216,Maulidan Games
4217,Norsfell
4218,Gearbox Publishing 
4219,Multiverse
4220,Hologryph
4221,Erik Asmussen
4222,Klei Entertainment 
4223,"Aarne ""MekaSkull"" Hunziker"
4224,crea-ture Studios Inc.
4225,Little Cloud Games
4226,Blueteak
4227,"Alvios, Inc."
4228,Redact Games
4229,‚ñ≤ Pyramid Games
4230,Pyramid Games S.A.
4231,Krish Shrikumar
4232,Vismaya
4233,EggNut
4234,"Intragames Co.,Ltd"
4235,Sand Sailor Studio
4236,Piccolo Studio
4237,Kokoko Soft
4238,DimnHouse
4239,"Systemsoft beta, Inc."
4240,Winter Night Games
4241,Explosm
4242,LLC Blini Games
4243,Serious Sim
4244,GFX47
4245,Polarbyte Games
4246,Simula Games
4247,Alt Shift
4248,Ministry of Broadcast Studios
4249,Modern Storyteller
4250,Midjiwan AB
4251,Future Immersive
4252,Fancy Fish Games
4253,Playcorp Studios
4254,XREAL Games
4255,Melos Han-Tani
4256,Analgesic Productions
4257,TribeXR Inc.
4258,YS Net
4259,NUKKLEAR
4260,Grounding Inc.
4261,Rebuilt Games
4262,Nolla Games
4263,A Sharp
4264,Wilhelmsen Studios
4265,Departure Interactive
4266,Êù±ÊñπÂπïËèØÁ•≠Âà∂‰ΩúÁªÑ
4267,Áî≤Â±±ÊûóÂ®õÊ®ÇËÇ°‰ªΩÊúâÈôêÂÖ¨Âè∏
4268,Kluge Interactive
4269,Fummy
4270,Oleg Dammer
4271,Layopi Games
4272,Breadcrumbs Interactive
4273,Enigmatic Network
4274,Jump Over The Age
4275,Hasoyua
4276, Coffee Stain Publishing
4277,TechnoBrake
4278,Buckshot Software
4279,Retrovibe
4280,Bad Dream Games
4281,Studio Seufz
4282,Sean Young
4283,Áæ≤ÂíåÂ∑•‰ΩúÂÆ§
4284,Thirdverse
4285,Sneaky Yak Studio
4286,Sector D2
4287,Project Moon
4288,Arbitrary Metric
4289,Sadetta
4290,Mirko Seithe
4291,Action Squad Studios
4292,Eleventh Hour Games
4293,Poetic
4294,WISECAT
4295,Donkey Crew
4296,Matt Workman
4297,Cinematography Database
4298,Resonator
4299,Magnus Ander
4300,The Game Creators
4301,Sunnyside Games
4302,Two Bits Kid
4303,GungHo Online Entertainment America
4304,Farsight Studios
4305,SBSoftLab
4306,Maccima Games
4307,Êõ≤Ê≥¢
4308,Joysteak Studios
4309,Novarama
4310,Fiction Factory Games
4311,WANIN Games
4312,Ubisoft Entertainment				
4313,Chasing Carrots
4314,Aikesi
4315,panstasz
4316,Zever Games
4317,Live Motion Games
4318,Stuck In Attic
4319,Kuju
4320,Dimension 32 Entertainment
4321,VARSAV Game Studios
4322,a327ex
4323,TendoGames
4324,Wild Kid Games
4325,doinksoft
4326,Skydance Interactive
4327,Paper House
4328,Anshar Studios
4329,Anshar Publishing
4330,EVC Games
4331,Versus Evil 
4332,Stirfire Studios
4333,Ivan Pestrikov
4334,EffectMatrix
4335,EffectMatrix 
4336,Kong Orange
4337,Freejam
4338,RYM GAMES
4339,Dark Crystal Games
4340,Come Over Gaming S.L.U.
4341,Sandspire Interactive
4342,Dreamplant
4343,SignSine
4344,Presto Studios
4345,Frog Vibes
4346,Delve Interactive
4347,apoto5
4348,Yogurt game
4349,PortaPlay
4350,Kodo Linija
4351,Crows Crows Crows
4352,Thetis Games
4353,Fantasy Flight Games
4354,Snowy Ash Games
4355,Bacronym
4356,AMC Games
4357,LIFE0
4358,Puppygames
4359,Gas Lantern Games
4360,Fallen Tree Games Ltd
4361,Drift Physics Crew
4362,MadSushi
4363,PAD-Labs GmbH
4364,Christian Rolle
4365,eXiin
4366,Play2Chill
4367,DIGIFOX
4368,Missing Digit
4369,Spacelight Studio
4370,Max Nielsen
4371,Hidden Layer Games
4372,CodeManu
4373,Akaba Studio
4374,T3Entertainment
4375,HanbitSoft Inc.
4376,NEKO WORK H
4377,N-RACING
4378,Retrific
4379,Crafting Legends
4380,Mighty Polygon
4381,SUPER WAVE Studio
4382,BADA Games
4383,Alchemist Interactive
4384,rokaplay
4385,Cabbit
4386,Henchman & Goon
4387,Gaming Factory S.A.
4388,NOHAM Games
4389,GameTrek
4390,Joy Manufacturing Co.
4391,Boat Anchor Games
4392,Ubisoft Toronto
4393,Ratloop Games Canada
4394,Wave Light Games Inc.
4395,Volcanoid
4396,Volcanoid 
4397,I-Inferno
4398,Zodiac Interactive
4399,Eagre Games
4400,Cyan Ventures 
4401,AeroSoft
4402,Sparpweed
4403,Geod Studio
4404,Ctrl Alt Ninja Ltd.
4405,Teyon
4406,Reef Entertainment
4407,Jace Masula
4408,FYQD-Studio
4409,Sad Doge
4410,Vermillion Digital
4411,ProYuga Advanced Technologies Ltd
4412,Warner Bros. interactive Entertainment
4413,Nevercenter
4414,Flat Hill Games
4415,Thomas Moon Kang
4416,Chibig
4417,PsychoDev
4418,Easy Day Studios Pty Ltd
4419,Mahelyk
4420,None
4421,Leonard Menchiari
4422,KIRA
4423,Caveman Studio
4424,PROJECT YNP
4425,Drone Champions AG
4426,Drone Champions League
4427,Pixel Machine
4428,Bounding Box Software Inc.
4429,Ubisoft Blue Byte
4430,ÂõõÂùó‰∫åËå∂‰ºö
4431,SmallB√º
4432,CreAct Games
4433,S.Y. GAMES
4434,La Belle Games
4435,ARTE France
4436,Vertical Robot
4437,Ben Olding Games
4438,Freaking Games
4439,Studio Sott
4440,MeNic Games
4441,Storm in a Teacup
4442,Jonas Manke
4443,Murudai
4444,Zordix Racing
4445,Glass Bottom Games
4446,High Tea Frog
4447,Creative Storm Entertainment
4448, CreativeForge Games
4449,Qoobrand
4450,Seamount
4451,AlphaSoft LLC
4452,Cracked Heads Games
4453,Venineth Team
4454,2BIGo
4455,7A Games
4456,Hunex
4457,Little Green Men Games
4458,ENIGMA STUDIO
4459,Pixpil
4460,Kyle Seeley
4461,Peter Jurkovsk√Ω
4462,Black Deer Games
4463,Strategic Designs Ltd.
4464,DoubleMoose
4465,Bugbyte Ltd.
4466,Denki
4467,Halcyon Winds
4468,Madcat Games
4469,Dasius
4470,Noble Games Studio
4471,PolyAmorous
4472,CHUMBOSOFT LLC
4473,Hermes Interactive
4474,Bitten Toast Games
4475,aburasobabiyori
4476,SELeft Studio
4477,Lycian Studio
4478,Hello There Games
4479,Barspin Studios
4480,Disney Interactive
4481,Metalhead Software Inc.
4482,Team WIBY
4483,BeardedBrothers.games
4484,Falling Squirrel
4485,Falling Squirrel Inc.
4486,ÔºàHong KongÔºâGKD Game Studio
4487,MGP Studios
4488,THS
4489,LION HEART
4490,Tunnel Vision Games
4491,Tinogames Inc.
4492,Azure Flame Studio
4493,CE-Asia
4494,Webble Games
4495,Enlightened Realm
4496,The Incubator
4497,Toys for Bob
4498,Aesir Interactive
4499,Galaxy Wars
4500,Simon Boxer
4501,DIGITAL ECLIPSE
