id,url
124923,https://store.steampowered.com/sub/124923/?snr=1_7_7_7000_150_1
354231,https://store.steampowered.com/sub/354231/?snr=1_7_7_7000_150_1
588546,https://store.steampowered.com/sub/588546/?snr=1_7_7_7000_150_10
64698,https://store.steampowered.com/sub/64698/?snr=1_7_7_7000_150_103
518865,https://store.steampowered.com/sub/518865/?snr=1_7_7_7000_150_104
19071,https://store.steampowered.com/sub/19071/?snr=1_7_7_7000_150_107
4156,https://store.steampowered.com/sub/4156/?snr=1_7_7_7000_150_109
142509,https://store.steampowered.com/app/393100//?snr=1_7_7_7000_150_11
182379,https://store.steampowered.com/sub/182379/?snr=1_7_7_7000_150_111
414767,https://store.steampowered.com/sub/414767/?snr=1_7_7_7000_150_112
49979,https://store.steampowered.com/sub/49979/?snr=1_7_7_7000_150_112
646286,https://store.steampowered.com/sub/646286/?snr=1_7_7_7000_150_113
79549,https://store.steampowered.com/sub/79549/?snr=1_7_7_7000_150_117
1645,https://store.steampowered.com/sub/1645/?snr=1_7_7_7000_150_117
408218,https://store.steampowered.com/sub/408218/?snr=1_7_7_7000_150_117
30564,https://store.steampowered.com/sub/30564/?snr=1_7_7_7000_150_119
49986,https://store.steampowered.com/sub/49986/?snr=1_7_7_7000_150_12
127633,https://store.steampowered.com/sub/127633/?snr=1_7_7_7000_150_12
281610,https://store.steampowered.com/sub/281610/?snr=1_7_7_7000_150_12
376282,https://store.steampowered.com/sub/376282/?snr=1_7_7_7000_150_12
374840,https://store.steampowered.com/sub/374840/?snr=1_7_7_7000_150_122
308246,https://store.steampowered.com/sub/308246/?snr=1_7_7_7000_150_124
63481,https://store.steampowered.com/sub/63481/?snr=1_7_7_7000_150_125
88110,https://store.steampowered.com/sub/88110/?snr=1_7_7_7000_150_126
18408,https://store.steampowered.com/sub/18408/?snr=1_7_7_7000_150_129
401587,https://store.steampowered.com/sub/401587/?snr=1_7_7_7000_150_13
427289,https://store.steampowered.com/sub/427289/?snr=1_7_7_7000_150_13
261478,https://store.steampowered.com/sub/261478/?snr=1_7_7_7000_150_130
90948,https://store.steampowered.com/sub/90948/?snr=1_7_7_7000_150_131
525369,https://store.steampowered.com/sub/525369/?snr=1_7_7_7000_150_131
646282,https://store.steampowered.com/sub/646282/?snr=1_7_7_7000_150_131
26075,https://store.steampowered.com/sub/26075/?snr=1_7_7_7000_150_133
345793,https://store.steampowered.com/sub/345793/?snr=1_7_7_7000_150_133
504065,https://store.steampowered.com/sub/504065/?snr=1_7_7_7000_150_136
132417,https://store.steampowered.com/sub/132417/?snr=1_7_7_7000_150_136
45615,https://store.steampowered.com/sub/45615/?snr=1_7_7_7000_150_137
426467,https://store.steampowered.com/sub/426467/?snr=1_7_7_7000_150_137
405719,https://store.steampowered.com/sub/405719/?snr=1_7_7_7000_150_137
607684,https://store.steampowered.com/sub/607684/?snr=1_7_7_7000_150_138
411862,https://store.steampowered.com/sub/411862/?snr=1_7_7_7000_150_14
40402,https://store.steampowered.com/sub/40402/?snr=1_7_7_7000_150_141
13258,https://store.steampowered.com/sub/13258/?snr=1_7_7_7000_150_143
12086,https://store.steampowered.com/sub/12086/?snr=1_7_7_7000_150_144
75825,https://store.steampowered.com/sub/75825/?snr=1_7_7_7000_150_146
42720,https://store.steampowered.com/sub/42720/?snr=1_7_7_7000_150_146
19282,https://store.steampowered.com/sub/19282/?snr=1_7_7_7000_150_147
166591,https://store.steampowered.com/sub/166591/?snr=1_7_7_7000_150_147
1529,https://store.steampowered.com/sub/1529/?snr=1_7_7_7000_150_148
268402,https://store.steampowered.com/sub/268402/?snr=1_7_7_7000_150_149
409903,https://store.steampowered.com/sub/409903/?snr=1_7_7_7000_150_149
557569,https://store.steampowered.com/sub/557569/?snr=1_7_7_7000_150_15
53813,https://store.steampowered.com/sub/53813/?snr=1_7_7_7000_150_150
15361,https://store.steampowered.com/sub/15361/?snr=1_7_7_7000_150_152
27463,https://store.steampowered.com/sub/27463/?snr=1_7_7_7000_150_152
17798,https://store.steampowered.com/sub/17798/?snr=1_7_7_7000_150_157
55062,https://store.steampowered.com/sub/55062/?snr=1_7_7_7000_150_157
81729,https://store.steampowered.com/sub/81729/?snr=1_7_7_7000_150_158
632434,https://store.steampowered.com/sub/632434/?snr=1_7_7_7000_150_16
15630,https://store.steampowered.com/sub/15630/?snr=1_7_7_7000_150_160
388533,https://store.steampowered.com/sub/388533/?snr=1_7_7_7000_150_160
646285,https://store.steampowered.com/sub/646285/?snr=1_7_7_7000_150_160
964,https://store.steampowered.com/sub/964/?snr=1_7_7_7000_150_161
45469,https://store.steampowered.com/sub/45469/?snr=1_7_7_7000_150_164
2535,https://store.steampowered.com/sub/2535/?snr=1_7_7_7000_150_164
595366,https://store.steampowered.com/sub/595366/?snr=1_7_7_7000_150_165
18370,https://store.steampowered.com/sub/18370/?snr=1_7_7_7000_150_165
575627,https://store.steampowered.com/sub/575627/?snr=1_7_7_7000_150_168
4639,https://store.steampowered.com/sub/4639/?snr=1_7_7_7000_150_170
108311,https://store.steampowered.com/sub/108311/?snr=1_7_7_7000_150_170
575628,https://store.steampowered.com/sub/575628/?snr=1_7_7_7000_150_170
6951,https://store.steampowered.com/sub/6951/?snr=1_7_7_7000_150_170
466138,https://store.steampowered.com/sub/466138/?snr=1_7_7_7000_150_170
116765,https://store.steampowered.com/sub/116765/?snr=1_7_7_7000_150_175
35563,https://store.steampowered.com/sub/35563/?snr=1_7_7_7000_150_176
2652,https://store.steampowered.com/sub/2652/?snr=1_7_7_7000_150_178
388292,https://store.steampowered.com/sub/388292/?snr=1_7_7_7000_150_178
46886,https://store.steampowered.com/sub/46886/?snr=1_7_7_7000_150_179
575623,https://store.steampowered.com/sub/575623/?snr=1_7_7_7000_150_181
18163,https://store.steampowered.com/sub/18163/?snr=1_7_7_7000_150_181
48346,https://store.steampowered.com/sub/48346/?snr=1_7_7_7000_150_182
62587,https://store.steampowered.com/sub/62587/?snr=1_7_7_7000_150_183
76328,https://store.steampowered.com/sub/76328/?snr=1_7_7_7000_150_183
116762,https://store.steampowered.com/sub/116762/?snr=1_7_7_7000_150_185
11264,https://store.steampowered.com/sub/11264/?snr=1_7_7_7000_150_185
90750,https://store.steampowered.com/sub/90750/?snr=1_7_7_7000_150_186
13858,https://store.steampowered.com/sub/13858/?snr=1_7_7_7000_150_186
50074,https://store.steampowered.com/sub/50074/?snr=1_7_7_7000_150_187
403,https://store.steampowered.com/sub/403/?snr=1_7_7_7000_150_189
13913,https://store.steampowered.com/sub/13913/?snr=1_7_7_7000_150_189
47967,https://store.steampowered.com/sub/47967/?snr=1_7_7_7000_150_190
93015,https://store.steampowered.com/sub/93015/?snr=1_7_7_7000_150_192
63682,https://store.steampowered.com/sub/63682/?snr=1_7_7_7000_150_194
13751,https://store.steampowered.com/sub/13751/?snr=1_7_7_7000_150_195
16963,https://store.steampowered.com/sub/16963/?snr=1_7_7_7000_150_198
54029,https://store.steampowered.com/sub/54029/?snr=1_7_7_7000_150_2
489555,https://store.steampowered.com/sub/489555/?snr=1_7_7_7000_150_2
354233,https://store.steampowered.com/sub/354233/?snr=1_7_7_7000_150_20
11830,https://store.steampowered.com/sub/11830/?snr=1_7_7_7000_150_200
775,https://store.steampowered.com/sub/775/?snr=1_7_7_7000_150_201
635186,https://store.steampowered.com/sub/635186/?snr=1_7_7_7000_150_202
52852,https://store.steampowered.com/sub/52852/?snr=1_7_7_7000_150_202
4261,https://store.steampowered.com/sub/4261/?snr=1_7_7_7000_150_204
31437,https://store.steampowered.com/sub/31437/?snr=1_7_7_7000_150_205
67637,https://store.steampowered.com/sub/67637/?snr=1_7_7_7000_150_207
595711,https://store.steampowered.com/sub/595711/?snr=1_7_7_7000_150_21
18947,https://store.steampowered.com/sub/18947/?snr=1_7_7_7000_150_210
42719,https://store.steampowered.com/sub/42719/?snr=1_7_7_7000_150_211
15407,https://store.steampowered.com/sub/15407/?snr=1_7_7_7000_150_211
586638,https://store.steampowered.com/sub/586638/?snr=1_7_7_7000_150_214
183896,https://store.steampowered.com/sub/183896/?snr=1_7_7_7000_150_215
42722,https://store.steampowered.com/sub/42722/?snr=1_7_7_7000_150_218
13770,https://store.steampowered.com/sub/13770/?snr=1_7_7_7000_150_220
277639,https://store.steampowered.com/sub/277639/?snr=1_7_7_7000_150_221
140688,https://store.steampowered.com/sub/140688/?snr=1_7_7_7000_150_224
202103,https://store.steampowered.com/sub/202103/?snr=1_7_7_7000_150_225
18397,https://store.steampowered.com/sub/18397/?snr=1_7_7_7000_150_225
308245,https://store.steampowered.com/sub/308245/?snr=1_7_7_7000_150_226
439,https://store.steampowered.com/sub/439/?snr=1_7_7_7000_150_227
81596,https://store.steampowered.com/sub/81596/?snr=1_7_7_7000_150_228
38,https://store.steampowered.com/sub/38/?snr=1_7_7_7000_150_229
94174,https://store.steampowered.com/sub/94174/?snr=1_7_7_7000_150_23
575618,https://store.steampowered.com/sub/575618/?snr=1_7_7_7000_150_233
32136,https://store.steampowered.com/sub/32136/?snr=1_7_7_7000_150_234
42721,https://store.steampowered.com/sub/42721/?snr=1_7_7_7000_150_236
32031,https://store.steampowered.com/sub/32031/?snr=1_7_7_7000_150_236
90016,https://store.steampowered.com/sub/90016/?snr=1_7_7_7000_150_237
631671,https://store.steampowered.com/sub/631671/?snr=1_7_7_7000_150_238
326,https://store.steampowered.com/sub/326/?snr=1_7_7_7000_150_239
377756,https://store.steampowered.com/sub/377756/?snr=1_7_7_7000_150_239
401959,https://store.steampowered.com/sub/401959/?snr=1_7_7_7000_150_24
345156,https://store.steampowered.com/sub/345156/?snr=1_7_7_7000_150_244
620275,https://store.steampowered.com/sub/620275/?snr=1_7_7_7000_150_245
595360,https://store.steampowered.com/sub/595360/?snr=1_7_7_7000_150_246
29658,https://store.steampowered.com/sub/29658/?snr=1_7_7_7000_150_247
14181,https://store.steampowered.com/sub/14181/?snr=1_7_7_7000_150_247
32848,https://store.steampowered.com/sub/32848/?snr=1_7_7_7000_150_25
27831,https://store.steampowered.com/sub/27831/?snr=1_7_7_7000_150_250
646284,https://store.steampowered.com/sub/646284/?snr=1_7_7_7000_150_255
19080,https://store.steampowered.com/sub/19080/?snr=1_7_7_7000_150_257
2102,https://store.steampowered.com/sub/2102/?snr=1_7_7_7000_150_258
13656,https://store.steampowered.com/sub/13656/?snr=1_7_7_7000_150_259
51209,https://store.steampowered.com/sub/51209/?snr=1_7_7_7000_150_26
117948,https://store.steampowered.com/sub/117948/?snr=1_7_7_7000_150_261
40061,https://store.steampowered.com/sub/40061/?snr=1_7_7_7000_150_263
1847,https://store.steampowered.com/sub/1847/?snr=1_7_7_7000_150_263
135448,https://store.steampowered.com/sub/135448/?snr=1_7_7_7000_150_268
103763,https://store.steampowered.com/sub/103763/?snr=1_7_7_7000_150_268
433,https://store.steampowered.com/sub/433/?snr=1_7_7_7000_150_269
497774,https://store.steampowered.com/sub/497774/?snr=1_7_7_7000_150_271
81059,https://store.steampowered.com/sub/81059/?snr=1_7_7_7000_150_272
418,https://store.steampowered.com/sub/418/?snr=1_7_7_7000_150_277
249064,https://store.steampowered.com/sub/249064/?snr=1_7_7_7000_150_279
183611,https://store.steampowered.com/sub/183611/?snr=1_7_7_7000_150_280
79,https://store.steampowered.com/sub/79/?snr=1_7_7_7000_150_283
402482,https://store.steampowered.com/sub/402482/?snr=1_7_7_7000_150_29
207168,https://store.steampowered.com/sub/207168/?snr=1_7_7_7000_150_29
33764,https://store.steampowered.com/sub/33764/?snr=1_7_7_7000_150_290
73535,https://store.steampowered.com/sub/73535/?snr=1_7_7_7000_150_291
414762,https://store.steampowered.com/sub/414762/?snr=1_7_7_7000_150_293
34522,https://store.steampowered.com/sub/34522/?snr=1_7_7_7000_150_298
232138,https://store.steampowered.com/sub/232138/?snr=1_7_7_7000_150_299
514915,https://store.steampowered.com/sub/514915/?snr=1_7_7_7000_150_3
212504,https://store.steampowered.com/sub/212504/?snr=1_7_7_7000_150_30
35577,https://store.steampowered.com/sub/35577/?snr=1_7_7_7000_150_300
76471,https://store.steampowered.com/sub/76471/?snr=1_7_7_7000_150_302
377757,https://store.steampowered.com/sub/377757/?snr=1_7_7_7000_150_305
2096,https://store.steampowered.com/sub/2096/?snr=1_7_7_7000_150_309
18976,https://store.steampowered.com/sub/18976/?snr=1_7_7_7000_150_309
2996,https://store.steampowered.com/sub/2996/?snr=1_7_7_7000_150_310
27828,https://store.steampowered.com/sub/27828/?snr=1_7_7_7000_150_310
26683,https://store.steampowered.com/sub/26683/?snr=1_7_7_7000_150_310
15239,https://store.steampowered.com/sub/15239/?snr=1_7_7_7000_150_312
95121,https://store.steampowered.com/sub/95121/?snr=1_7_7_7000_150_317
43805,https://store.steampowered.com/sub/43805/?snr=1_7_7_7000_150_323
6447,https://store.steampowered.com/sub/6447/?snr=1_7_7_7000_150_323
45714,https://store.steampowered.com/sub/45714/?snr=1_7_7_7000_150_326
107140,https://store.steampowered.com/sub/107140/?snr=1_7_7_7000_150_327
78593,https://store.steampowered.com/sub/78593/?snr=1_7_7_7000_150_328
199943,https://store.steampowered.com/sub/199943/?snr=1_7_7_7000_150_33
128345,https://store.steampowered.com/sub/128345/?snr=1_7_7_7000_150_33
588490,https://store.steampowered.com/app/1633650//?snr=1_7_7_7000_150_330
11762,https://store.steampowered.com/sub/11762/?snr=1_7_7_7000_150_336
18252,https://store.steampowered.com/sub/18252/?snr=1_7_7_7000_150_337
382067,https://store.steampowered.com/sub/382067/?snr=1_7_7_7000_150_338
31710,https://store.steampowered.com/sub/31710/?snr=1_7_7_7000_150_339
87601,https://store.steampowered.com/sub/87601/?snr=1_7_7_7000_150_34
4158,https://store.steampowered.com/sub/4158/?snr=1_7_7_7000_150_340
139397,https://store.steampowered.com/sub/139397/?snr=1_7_7_7000_150_342
220633,https://store.steampowered.com/sub/220633/?snr=1_7_7_7000_150_35
632437,https://store.steampowered.com/sub/632437/?snr=1_7_7_7000_150_35
44162,https://store.steampowered.com/sub/44162/?snr=1_7_7_7000_150_350
79771,https://store.steampowered.com/sub/79771/?snr=1_7_7_7000_150_350
12988,https://store.steampowered.com/sub/12988/?snr=1_7_7_7000_150_350
48344,https://store.steampowered.com/sub/48344/?snr=1_7_7_7000_150_353
44166,https://store.steampowered.com/sub/44166/?snr=1_7_7_7000_150_359
65812,https://store.steampowered.com/sub/65812/?snr=1_7_7_7000_150_36
12357,https://store.steampowered.com/sub/12357/?snr=1_7_7_7000_150_36
42684,https://store.steampowered.com/sub/42684/?snr=1_7_7_7000_150_369
516202,https://store.steampowered.com/sub/516202/?snr=1_7_7_7000_150_369
591106,https://store.steampowered.com/sub/591106/?snr=1_7_7_7000_150_37
47503,https://store.steampowered.com/sub/47503/?snr=1_7_7_7000_150_372
80281,https://store.steampowered.com/sub/80281/?snr=1_7_7_7000_150_373
424737,https://store.steampowered.com/sub/424737/?snr=1_7_7_7000_150_375
82862,https://store.steampowered.com/sub/82862/?snr=1_7_7_7000_150_375
94516,https://store.steampowered.com/sub/94516/?snr=1_7_7_7000_150_375
83678,https://store.steampowered.com/sub/83678/?snr=1_7_7_7000_150_379
12994,https://store.steampowered.com/sub/12994/?snr=1_7_7_7000_150_382
18524,https://store.steampowered.com/sub/18524/?snr=1_7_7_7000_150_382
137182,https://store.steampowered.com/sub/137182/?snr=1_7_7_7000_150_384
8342,https://store.steampowered.com/sub/8342/?snr=1_7_7_7000_150_387
52351,https://store.steampowered.com/sub/52351/?snr=1_7_7_7000_150_393
1664,https://store.steampowered.com/sub/1664/?snr=1_7_7_7000_150_395
90432,https://store.steampowered.com/sub/90432/?snr=1_7_7_7000_150_397
588543,https://store.steampowered.com/sub/588543/?snr=1_7_7_7000_150_4
88801,https://store.steampowered.com/sub/88801/?snr=1_7_7_7000_150_4
50980,https://store.steampowered.com/sub/50980/?snr=1_7_7_7000_150_40
84647,https://store.steampowered.com/sub/84647/?snr=1_7_7_7000_150_42
527893,https://store.steampowered.com/sub/527893/?snr=1_7_7_7000_150_42
88038,https://store.steampowered.com/sub/88038/?snr=1_7_7_7000_150_42
47880,https://store.steampowered.com/sub/47880/?snr=1_7_7_7000_150_42
62118,https://store.steampowered.com/sub/62118/?snr=1_7_7_7000_150_44
323175,https://store.steampowered.com/sub/323175/?snr=1_7_7_7000_150_45
13435,https://store.steampowered.com/sub/13435/?snr=1_7_7_7000_150_46
370452,https://store.steampowered.com/sub/370452/?snr=1_7_7_7000_150_49
85571,https://store.steampowered.com/sub/85571/?snr=1_7_7_7000_150_49
298833,https://store.steampowered.com/sub/298833/?snr=1_7_7_7000_150_5
222,https://store.steampowered.com/sub/222/?snr=1_7_7_7000_150_50
272966,https://store.steampowered.com/sub/272966/?snr=1_7_7_7000_150_50
490384,https://store.steampowered.com/sub/490384/?snr=1_7_7_7000_150_50
510898,https://store.steampowered.com/sub/510898/?snr=1_7_7_7000_150_51
137245,https://store.steampowered.com/sub/137245/?snr=1_7_7_7000_150_51
460,https://store.steampowered.com/sub/460/?snr=1_7_7_7000_150_52
47804,https://store.steampowered.com/sub/47804/?snr=1_7_7_7000_150_52
375115,https://store.steampowered.com/sub/375115/?snr=1_7_7_7000_150_52
1679,https://store.steampowered.com/sub/1679/?snr=1_7_7_7000_150_52
235874,https://store.steampowered.com/sub/235874/?snr=1_7_7_7000_150_53
7,https://store.steampowered.com/sub/7/?snr=1_7_7_7000_150_53
15481,https://store.steampowered.com/sub/15481/?snr=1_7_7_7000_150_55
518862,https://store.steampowered.com/sub/518862/?snr=1_7_7_7000_150_57
171306,https://store.steampowered.com/sub/171306/?snr=1_7_7_7000_150_58
17933,https://store.steampowered.com/sub/17933/?snr=1_7_7_7000_150_60
49981,https://store.steampowered.com/sub/49981/?snr=1_7_7_7000_150_60
76403,https://store.steampowered.com/sub/76403/?snr=1_7_7_7000_150_60
50845,https://store.steampowered.com/sub/50845/?snr=1_7_7_7000_150_60
52874,https://store.steampowered.com/sub/52874/?snr=1_7_7_7000_150_60
607766,https://store.steampowered.com/sub/607766/?snr=1_7_7_7000_150_61
17093,https://store.steampowered.com/sub/17093/?snr=1_7_7_7000_150_61
28773,https://store.steampowered.com/sub/28773/?snr=1_7_7_7000_150_62
603,https://store.steampowered.com/sub/603/?snr=1_7_7_7000_150_63
620264,https://store.steampowered.com/sub/620264/?snr=1_7_7_7000_150_63
602502,https://store.steampowered.com/sub/602502/?snr=1_7_7_7000_150_67
81764,https://store.steampowered.com/sub/81764/?snr=1_7_7_7000_150_67
49978,https://store.steampowered.com/sub/49978/?snr=1_7_7_7000_150_68
320795,https://store.steampowered.com/sub/320795/?snr=1_7_7_7000_150_68
518699,https://store.steampowered.com/sub/518699/?snr=1_7_7_7000_150_7
281112,https://store.steampowered.com/sub/281112/?snr=1_7_7_7000_150_7
605645,https://store.steampowered.com/sub/605645/?snr=1_7_7_7000_150_7
17092,https://store.steampowered.com/sub/17092/?snr=1_7_7_7000_150_70
641481,https://store.steampowered.com/sub/641481/?snr=1_7_7_7000_150_71
515552,https://store.steampowered.com/sub/515552/?snr=1_7_7_7000_150_71
116814,https://store.steampowered.com/sub/116814/?snr=1_7_7_7000_150_72
75573,https://store.steampowered.com/sub/75573/?snr=1_7_7_7000_150_72
595363,https://store.steampowered.com/sub/595363/?snr=1_7_7_7000_150_74
466102,https://store.steampowered.com/sub/466102/?snr=1_7_7_7000_150_74
192166,https://store.steampowered.com/sub/192166/?snr=1_7_7_7000_150_76
44601,https://store.steampowered.com/sub/44601/?snr=1_7_7_7000_150_76
510899,https://store.steampowered.com/sub/510899/?snr=1_7_7_7000_150_76
469,https://store.steampowered.com/sub/469/?snr=1_7_7_7000_150_77
30560,https://store.steampowered.com/sub/30560/?snr=1_7_7_7000_150_78
66082,https://store.steampowered.com/sub/66082/?snr=1_7_7_7000_150_78
453455,https://store.steampowered.com/sub/453455/?snr=1_7_7_7000_150_78
295539,https://store.steampowered.com/sub/295539/?snr=1_7_7_7000_150_79
465030,https://store.steampowered.com/sub/465030/?snr=1_7_7_7000_150_8
588549,https://store.steampowered.com/sub/588549/?snr=1_7_7_7000_150_8
132479,https://store.steampowered.com/sub/132479/?snr=1_7_7_7000_150_81
42723,https://store.steampowered.com/sub/42723/?snr=1_7_7_7000_150_83
44367,https://store.steampowered.com/sub/44367/?snr=1_7_7_7000_150_84
368776,https://store.steampowered.com/sub/368776/?snr=1_7_7_7000_150_9
452685,https://store.steampowered.com/sub/452685/?snr=1_7_7_7000_150_9
538741,https://store.steampowered.com/sub/538741/?snr=1_7_7_7000_150_9
633707,https://store.steampowered.com/sub/633707/?snr=1_7_7_7000_150_9
646283,https://store.steampowered.com/sub/646283/?snr=1_7_7_7000_150_90
50854,https://store.steampowered.com/sub/50854/?snr=1_7_7_7000_150_90
30561,https://store.steampowered.com/sub/30561/?snr=1_7_7_7000_150_90
37429,https://store.steampowered.com/sub/37429/?snr=1_7_7_7000_150_91
368777,https://store.steampowered.com/sub/368777/?snr=1_7_7_7000_150_96
31292,https://store.steampowered.com/sub/31292/?snr=1_7_7_7000_150_98
